,Borough,Neighborhood
0,NERELA,SECTOR-A6 NARELA
1,NERELA,VIJAY NAGAR NARELA
2,NERELA,(METRO VIHAR PHASE-I)HOLAMBI KALAN
3,NERELA,(METRO VIHAR PHASE-II)HOLAMBI KALAN
4,NERELA,DESU COLONY NARELA
5,NERELA,GAUTAM COLONY NARELA
6,NERELA,INDRA COLONY
7,NERELA,MATRO VIHAR HOLAMBI KHURD
8,NERELA,METRO VIHAR HOLAMBI KHURD
9,NERELA,NAI BASTI MAMURPUR PANA UDYAN NARELA
10,NERELA,NARELA MANDI
11,NERELA,NEW PUNJABI COLONY NARELA
12,NERELA,PANA MAMURPUR NARELA
13,NERELA,PANA PAPOSIAN NARELA
14,NERELA,PANA UDYAN NARELA
15,NERELA,PREM COLONY
16,NERELA,RAJEEV COLONY NARELA
17,NERELA,RAVIDHASS NAGAR NARELA
18,NERELA,RESETLEMENT GAUTAM COLONY NARELA
19,NERELA,SANJAY COLONY NARELA
20,NERELA,SEC A-5 NARELA
21,NERELA,SEC-27 KHERA KALAN
22,NERELA,SECTOR-A6 NARELA
23,NERELA,SHIVAJI NAGAR NARELA
24,NERELA,SWATANTAR NAGAR
25,NERELA,VILL LAMPUR
26,NERELA,VILL AKBARPUR MAJRA
27,NERELA,VILL BAKHTAWARPUR
28,NERELA,VILL BAKOULI
29,NERELA,VILL BANKNER
30,NERELA,VILL BHORGARH
31,NERELA,VILL BUDHPUR
32,NERELA,VILL GHOGA
33,NERELA,VILL HAMIDPUR
34,NERELA,VILL HIRANKI
35,NERELA,VILL HIRANKI (KUSHAK)
36,NERELA,VILL HOLAMBI KALAN
37,NERELA,VILL HOLAMBI KHURD
38,NERELA,VILL IRADAT NAGAR (NAYA BANS)
39,NERELA,VILL JHANGOLA
40,NERELA,VILL JINDPUR
41,NERELA,VILL KHAMPUR
42,NERELA,VILL KHERA KALAN
43,NERELA,VILL KHERA KHURD
44,NERELA,VILL KURENI
45,NERELA,VILL KURENI SEC-A-10
46,NERELA,VILL PALLA
47,NERELA,VILL PALLA KULAKPUR
48,NERELA,VILL SANOTH
49,NERELA,VILL SHAHPUR GARHI
50,NERELA,VILL SINGHOLA
51,NERELA,VILL SINGHU
52,NERELA,VILL SUNGERPUR
53,NERELA,VILL TAJPUR KALAN
54,NERELA,VILL TIGIPUR
55,NERELA,VILL TIKRI KHURD
56,NERELA,VILLAGE ALIPUR
57,BURARI,BURARI
58,BURARI,IBRAHIMPUR
59,BURARI,JAHANGIRPURI RESTTLEMENT CLY
60,BURARI,JAHANGIRPURI RESTTLEMENTS CLY
61,BURARI,NATHUPURA
62,BURARI,VILL MUKANDPUR
63,BURARI,VILLAGE NANGLI POONA
64,BURARI,VILLAGE IBRAHIMPUR
65,BURARI,VILLAGE JAGATPUR
66,BURARI,VILLAGE KADIPUR
67,BURARI,VILLAGE MUKHMELPUR
68,BURARI,VILLAGE NANGLI POONA
69,TIMARPUR,B D ESTATE
70,TIMARPUR,B R HOSPITAL
71,TIMARPUR,BHAI PARMANAND COLONY
72,TIMARPUR,BHAI PERMANAND COLONY (EAST)
73,TIMARPUR,BHAI PERMANAND COLONY (WEST)
74,TIMARPUR,DDA FLATS MALL ROAD
75,TIMARPUR,DELHI ADMN FLATS TIMARPUR
76,TIMARPUR,DELHI UNIVERSITY CHHATRA MARG
77,TIMARPUR,DHAKA MCD COLONY
78,TIMARPUR,DHAKA VILLAGE
79,TIMARPUR,G T B NAGAR
80,TIMARPUR,GOPAL PUR VILLAGE
81,TIMARPUR,GTB NAGAR
82,TIMARPUR,HAKIKAT NAGAR
83,TIMARPUR,INDIRA BASTI TIMARPUR
84,TIMARPUR,INDRA VIHAR
85,TIMARPUR,INDRA VIKAS COLONY
86,TIMARPUR,KABIR BASTI
87,TIMARPUR,KARORI MAL COLLEGE
88,TIMARPUR,LANCERS ROAD
89,TIMARPUR,MALKA GANJ
90,TIMARPUR,MUKHERJEE NAGAR
91,TIMARPUR,MUKHERJEE NAGAR (WEST)
92,TIMARPUR,MUNSHI RAM COLONY
93,TIMARPUR,NEHRU VIHAR
94,TIMARPUR,OLD SUBZI MANDI
95,TIMARPUR,PATEL CHEST JHUGGI PARMANAND COLONY
96,TIMARPUR,SABZI MANDI
97,TIMARPUR,"SABZI MANDI, GHANTA GHAR"
98,TIMARPUR,SANJAY BASTI
99,TIMARPUR,SANJAY BASTI TIMARPUR
100,TIMARPUR,ST STEPHEN'S COLLEGE DELHI UNIVERSITY
101,TIMARPUR,SUBZI MANDI
102,TIMARPUR,TAGORE PARK
103,TIMARPUR,TIMARPUR
104,TIMARPUR,TIMARPUR DELHI
105,TIMARPUR,UNIVERSITY AREA SHRI RAM INSTITUTE
106,TIMARPUR,VIJAY NAGAR
107,TIMARPUR,VILLAGE MALIK PUR
108,TIMARPUR,WAZIRABAD
109,TIMARPUR,WAZIRABAD VILLAGE
110,TIMARPUR,WAZIRADBAD
111,ADARSH NAGAR,ADARSH NAGAR
112,ADARSH NAGAR,AZADPUR
113,ADARSH NAGAR,DDA FLAT JAHANGIR PURI
114,ADARSH NAGAR,GANDHI VIHAR
115,ADARSH NAGAR,GOPAL NAGAR
116,ADARSH NAGAR,INDIRA NAGAR
117,ADARSH NAGAR,JAHANGIR PURI
118,ADARSH NAGAR,KEWAL PARK
119,ADARSH NAGAR,KEWAL PARK EXTENTION
120,ADARSH NAGAR,MAHENDRA PARK
121,ADARSH NAGAR,MAJILIS PARK
122,ADARSH NAGAR,MCD/DJB FLATS MODEL TOWN-III
123,ADARSH NAGAR,"MODEL TOWN-II, POLICE COLONY"
124,ADARSH NAGAR,"MODEL TOWN-III, MOHAN PARK"
125,ADARSH NAGAR,"MODEL TOWN-III, R-BLOCK"
126,ADARSH NAGAR,NIRANKARI CLOLNY
127,ADARSH NAGAR,PANCHVATI
128,ADARSH NAGAR,RAM GARH
129,ADARSH NAGAR,RAMESHWAR NAGAR
130,ADARSH NAGAR,SANJAY ENCLAVE
131,ADARSH NAGAR,SANJAY NAGAR
132,ADARSH NAGAR,SARAI PIPAL THALA
133,ADARSH NAGAR,VILLAGE BHAROLA
134,ADARSH NAGAR,VILLAGE DHIRPUR
135,BADLI,BADLI VILLAGE
136,BADLI,BHALSWA DAIRY
137,BADLI,CHANDAN PARK
138,BADLI,INDUSTRIAL AREA SAMAY PUR
139,BADLI,JAHANGIRPURI RESETTLEMENT COLONY
140,BADLI,LIBAS PUR
141,BADLI,LIBAS PUR VILL.
142,BADLI,SAMAY PUR
143,BADLI,SIRAS PUR VILL.
144,BADLI,SIRAS VILL.
145,BADLI,SWAROOP NAGAR
146,BADLI,SWAROOP NAGAR.
147,BADLI,VILLAGE BHALSWA
148,BADLI,VILLAGE SAMAY PUR
149,BADLI,VILLAGE SIRAS PUR
150,BADLI,YADAV NAGAR
151,RITHALA,BUDH VIHAR
152,RITHALA,RITHALA VILLAGE
153,RITHALA,ROHINI SEC 11
154,RITHALA,ROHINI SEC-1
155,RITHALA,ROHINI SEC-1 AVANTIKA
156,RITHALA,ROHINI SEC-4
157,RITHALA,ROHINI SEC-5
158,RITHALA,ROHINI SECTOR-16
159,RITHALA,SEC-16 ROHINI
160,RITHALA,SEC-17 ROHINI
161,RITHALA,SECTOR-6 ROHINI
162,RITHALA,VIJAY VIHAR
163,BAWANA (SC),J J COLONY E-BLOCK BAWANA
164,BAWANA (SC),J J COLONY F-BLOCK BAWANA
165,BAWANA (SC),J J COLONY G AND L-BLOCK BAWANA
166,BAWANA (SC),J J COLONY H AND K-BLOCK BAWANA
167,BAWANA (SC),J J COLONY A-BLOCK BAWANA
168,BAWANA (SC),J J COLONY B-BLOCK BAWANA
169,BAWANA (SC),J J COLONY C-BLOCK BAWANA
170,BAWANA (SC),J J COLONY D-BLOCK BAWANA
171,BAWANA (SC),J J COLONY E-BLOCK BAWANA
172,BAWANA (SC),AUCHANDI VILLAGE
173,BAWANA (SC),BARWALA VILLAGE
174,BAWANA (SC),"BEGAM PUR BLOCK-A, BEGUM VIHAR"
175,BAWANA (SC),"BEGAM PUR BLOCK-A, RAJIV NAGAR EXTN."
176,BAWANA (SC),"BEGAM PUR BLOCK-A,B,C,D, NAVEEN VIHAR"
177,BAWANA (SC),"BEGAM PUR BLOCK-B, BEGUM VIHAR & GAON SABHA"
178,BAWANA (SC),"BEGAM PUR BLOCK-B, RAJIV NAGAR EXTN."
179,BAWANA (SC),"BEGAM PUR BLOCK-C & D, RAJIV NAGAR EXTN."
180,BAWANA (SC),"BEGAM PUR BLOCK-C, BEGUM VIHAR"
181,BAWANA (SC),"BEGAM PUR BLOCK-D, BEGUM VIHAR"
182,BAWANA (SC),"BEGAM PUR BLOCK-E, BEGUM VIHAR"
183,BAWANA (SC),"BEGAM PUR BLOCK-E,F,K,SW, RAJIV NAGAR EXTN."
184,BAWANA (SC),"BEGAM PUR BLOCK-E,H, NAVEEN VIHAR"
185,BAWANA (SC),"BEGAM PUR BLOCK-G,H, RAJIV NAGAR EXTN."
186,BAWANA (SC),"BEGAM PUR BLOCK-H, NAVEEN VIHAR"
187,BAWANA (SC),"BEGAM PUR BLOCK-I, L,M,N, RAJIV NAGAR EXTN."
188,BAWANA (SC),"BEGAM PUR BLOCK-O,Q,R, RAJIV NAGAR EXTN."
189,BAWANA (SC),"BEGUM PUR NAVEEN VIHAR, KATYANI VIHAR, RAJNI VIHAR"
190,BAWANA (SC),BEGUM PUR VILLAGE
191,BAWANA (SC),DARYAPUR KALAN VILLAGE
192,BAWANA (SC),DARYAPUR KALAN VILLAGE
193,BAWANA (SC),INDRAJ COLONY BAWANA
194,BAWANA (SC),ISHWAR COLONY BAWANA
195,BAWANA (SC),KHERA GARHI
196,BAWANA (SC),"KRISHAN VIHAR, BLOCK-A,B"
197,BAWANA (SC),"KRISHAN VIHAR, BLOCK-C1"
198,BAWANA (SC),"KRISHAN VIHAR, BLOCK-D,F"
199,BAWANA (SC),"KRISHAN VIHAR, BLOCK-E"
200,BAWANA (SC),"KRISHAN VIHAR, BLOCK-E,G"
201,BAWANA (SC),"KRISHAN VIHAR, BLOCK-I"
202,BAWANA (SC),"KRISHAN VIHAR, BLOCK-J"
203,BAWANA (SC),"KRISHAN VIHAR, BLOCK-J, H"
204,BAWANA (SC),"KRISHAN VIHAR, BLOCK-J,O"
205,BAWANA (SC),"KRISHAN VIHAR, BLOCK-K"
206,BAWANA (SC),"KRISHAN VIHAR, BLOCK-K2"
207,BAWANA (SC),"KRISHAN VIHAR, BLOCK-L"
208,BAWANA (SC),"KRISHAN VIHAR, BLOCK-M"
209,BAWANA (SC),"KRISHAN VIHAR, BLOCK-N, Q"
210,BAWANA (SC),"KRISHAN VIHAR, BLOCK-O"
211,BAWANA (SC),"KRISHAN VIHAR, BLOCK-P"
212,BAWANA (SC),POOTH KHURD VILLAGE
213,BAWANA (SC),PRAHLAD PUR BANGER VILLAGE
214,BAWANA (SC),PUNJAB KHOR VILLAGE
215,BAWANA (SC),RAJIV NAGAR BLOCK-A
216,BAWANA (SC),RAJIV NAGAR BLOCK-B
217,BAWANA (SC),RAJIV NAGAR BLOCK-C
218,BAWANA (SC),"RAJIV NAGAR EXTN. , BEGUM PUR"
219,BAWANA (SC),"RAJIV NAGAR, BEGUM PUR BLOCK-D"
220,BAWANA (SC),"RAJIV NAGAR, BEGUM PUR BLOCK-E"
221,BAWANA (SC),RAJIV NAGAR/BEGAM PUR VILLAGE
222,BAWANA (SC),"ROHINI EXTN, BLOCK-B4, SEC-20"
223,BAWANA (SC),"ROHINI EXTN, SEC-20"
224,BAWANA (SC),"ROHINI EXTN, SEC-20, BLOCK-A"
225,BAWANA (SC),"ROHINI EXTN, SEC-20, BLOCK-C2"
226,BAWANA (SC),"ROHINI EXTN, SEC-20, J P CAMP"
227,BAWANA (SC),"ROHINI EXTN, SEC-21"
228,BAWANA (SC),"ROHINI RESETLEMENT COLONY, SECTOR-26"
229,BAWANA (SC),ROHINI SEC 24
230,BAWANA (SC),"ROHINI SEC 24,"
231,BAWANA (SC),"ROHINI SEC 24, BLOCK-A"
232,BAWANA (SC),"ROHINI SEC 24, BLOCK-B"
233,BAWANA (SC),"ROHINI SEC 24, BLOCK-C"
234,BAWANA (SC),"ROHINI SEC 24, BLOCK-D"
235,BAWANA (SC),"ROHINI SEC 24, BLOCK-E"
236,BAWANA (SC),"ROHINI SEC 24, POCKET-17, 24"
237,BAWANA (SC),"ROHINI SEC 24, POCKET-22,25,26"
238,BAWANA (SC),"ROHINI SEC 24, POCKET-7"
239,BAWANA (SC),ROHINI SEC 25
240,BAWANA (SC),"ROHINI SEC 25, BLOCK-A"
241,BAWANA (SC),"ROHINI SEC 25, BLOCK-B"
242,BAWANA (SC),"ROHINI SEC 25, BLOCK-C,D,E"
243,BAWANA (SC),ROHINI SECTOR-22
244,BAWANA (SC),ROHINI SECTOR-23
245,BAWANA (SC),"ROHINI SECTOR-23, POCKET-1 & 2"
246,BAWANA (SC),"ROHINI SECTOR-23, POCKET-3"
247,BAWANA (SC),"ROHINI, SECTOR-26"
248,BAWANA (SC),SAHIBABAD DAIRY
249,BAWANA (SC),"SAHIBABAD DAIRY BLOCK-A,B,C,E"
250,BAWANA (SC),"SAHIBABAD DAIRY, BLOCK-B"
251,BAWANA (SC),"SAHIBABAD DAIRY, BLOCK-B T-HUTS"
252,BAWANA (SC),"SAHIBABAD DAIRY, BLOCK-C"
253,BAWANA (SC),"SAHIBABAD DAIRY, BLOCK-D"
254,BAWANA (SC),"SAHIBABAD DAIRY, BLOCK-E"
255,BAWANA (SC),SAHIBABAD DAULATPUR VILLAGE
256,BAWANA (SC),SULTANPUR DABAS VILLAGE
257,BAWANA (SC),VIJAY NAGAR COLONY BAWANA
258,BAWANA (SC),VILLAGE BAJITPUR THAKARAN
259,BAWANA (SC),VILLAGE BAWANA
260,BAWANA (SC),VILLAGE BUDHANPUR MAJRA
261,BAWANA (SC),VILLAGE CHANDPUR DABAS
262,BAWANA (SC),VILLAGE HAREWALI
263,BAWANA (SC),VILLAGE JAT KHOR
264,BAWANA (SC),VILLAGE KATEWARA
265,BAWANA (SC),VILLAGE MUNGESHPUR VILLAGE
266,BAWANA (SC),VILLAGE NANGAL THAKARAN
267,BAWANA (SC),VILLAGE POOTH KALAN
268,BAWANA (SC),VILLAGE QUTABGARH
269,BAWANA (SC),VILLAGE SALAHPUR MAJRA
270,MUNDKA,AMAR COLONY QUMARUDDIN NAGAR
271,MUNDKA,ARVIND ENCLAVE QUMARUDDIN NAGAR
272,MUNDKA,BALDEV VIHAR KARAL VILLAGE
273,MUNDKA,CHANDAN VIHAR NILOTHI
274,MUNDKA,CHANDAN VIHAR NILOTHI EXTN
275,MUNDKA,DURGA MANDIR BLOCK TIRTHANKAR NAGAR VILLAGE KARALA
276,MUNDKA,GARHI RANDHALA VILLAGE
277,MUNDKA,HIRAN KUDNA VILLAGE
278,MUNDKA,J J COLONY CAMP NO. 2 NANGLOI
279,MUNDKA,J J COLONY NANGLOI
280,MUNDKA,J J COLONY NO 2 NANGLOI
281,MUNDKA,J J COLONY NO 3 NANGLOI
282,MUNDKA,J J COLONY NO 4 NANGLOI
283,MUNDKA,J J COLONY SAWDA
284,MUNDKA,JAIN STHANAK BLOCK VILLAGE KARALA
285,MUNDKA,KANWAR SINGH NAGAR QUMRUDDIN NAGAR
286,MUNDKA,KARALA SUKHBIR NAGAR
287,MUNDKA,KARALA VILLAGE
288,MUNDKA,KUNWAR SINGH NAGAR QUMRUDDIN NAGAR
289,MUNDKA,MADANPUR DABAS VILLAGE
290,MUNDKA,MAHAVIR VIHAR
291,MUNDKA,MOHD PUR MAJRI RAMA VIHAR
292,MUNDKA,MOHD PUR MAJRI VILLAGE
293,MUNDKA,MOHD PUR MAJRI VILLAGE RAMA VIHAR
294,MUNDKA,MUNDKA
295,MUNDKA,NANGLOI
296,MUNDKA,NANGLOI EXTN-2C
297,MUNDKA,NANGLOI EXTN-4 BLOCK A QUMRUDDIN NAGAR
298,MUNDKA,NANGLOI JAT
299,MUNDKA,NEELWAL
300,MUNDKA,NILOTHI
301,MUNDKA,NILOTHI EXTN
302,MUNDKA,NIZAMPUR RASHIDPUR VILLAGE
303,MUNDKA,QUMARUDDIN NAGAR
304,MUNDKA,QUMRUDDIN NAGAR
305,MUNDKA,RAJDHANI PARK
306,MUNDKA,RAJENDRA PARK TYAGI COLONY NANGLOI
307,MUNDKA,RAJENDRA PARK VILLAGE NANGLOI
308,MUNDKA,RAM NAGAR COLONYVILLAGE QUMARUDDIN NAGAR
309,MUNDKA,RAMA VIHAR BLOCK C MOHD PUR MAJRI VILLAGE
310,MUNDKA,RAMA VIHAR BLOCK D MOHD PUR MAJRI VILLAGE
311,MUNDKA,RAMA VIHAR BLOCK E MOHD PUR MAJRI VILLAGE
312,MUNDKA,RAMA VIHAR MOHD PUR MAJRI VILLAGE
313,MUNDKA,SHIV MANDIR BLOCK TIRTHANKAR NAGAR
314,MUNDKA,SHIV VIHAR KARALA
315,MUNDKA,SWARN PARK NANGLOI
316,MUNDKA,TIKRI KALAN
317,MUNDKA,VIKAS NAGAR NILOTHI
318,MUNDKA,VILL GHEVRA
319,MUNDKA,VILL RANI KHERA
320,MUNDKA,VILL RASUL PUR
321,MUNDKA,VILLAGE JAUNTI
322,MUNDKA,VILLAGE KANJHAWLA
323,MUNDKA,VILLAGE LADPUR
324,MUNDKA,VILLAGE NANGLOI
325,MUNDKA,VILLAGE TATESAR
326,MUNDKA,YADAV PARK VILLAGE QUMARUDDIN NAGAR
327,KIRARI,VILLAGE NITHARI
328,KIRARI,KIRARI SULEMAN
329,KIRARI,KIRARI SULEMAN NAGAR
330,KIRARI,KIRARI SULEMAN VILLAGE
331,KIRARI,MUBARAK PUR DABAS VILLAGE
332,KIRARI,MUBARAKPUR ROAD
333,KIRARI,VILLAGE NITHARI
334,SULTANPUR MAJRA,MANGOLPURI
335,SULTANPUR MAJRA,RAJ PARK
336,SULTANPUR MAJRA,SULTAN PURI
337,SULTANPUR MAJRA,SULTANPURI
338,NANGLOI JAT,ADHYAPAK NAGAR
339,NANGLOI JAT,AMAN PURI
340,NANGLOI JAT,AMBIKA ENCLAVE
341,NANGLOI JAT,AMBIKA VIHAR. PASCHIM VIHAR
342,NANGLOI JAT,BHERA ENCLAVE
343,NANGLOI JAT,BHIM NAGAR
344,NANGLOI JAT,"BLOCK ""Y"""
345,NANGLOI JAT,CHANDAN VIHAR
346,NANGLOI JAT,GURU HAR KISHAN PASCHIM VIHAR
347,NANGLOI JAT,JIWAN NIKETAN PASCHIM VIHAR
348,NANGLOI JAT,"JJ COLONY BLOCK ""X"""
349,NANGLOI JAT,JJ COLONY-III BLOCK M & N
350,NANGLOI JAT,JWALA PURI
351,NANGLOI JAT,KAVITA COLONY
352,NANGLOI JAT,LAXMI PARK
353,NANGLOI JAT,MEERA BAGH
354,NANGLOI JAT,MIANWALI NAGAR
355,NANGLOI JAT,NANGLOI JAT
356,NANGLOI JAT,NANGLOI VILL.
357,NANGLOI JAT,NIHAL VIHAR
358,NANGLOI JAT,PASCHIM VIHAR
359,NANGLOI JAT,PEERA GARHI
360,NANGLOI JAT,PUNJABI BASTI
361,NANGLOI JAT,QAMRUDDIN NAGAR SHIV RAM PARK
362,NANGLOI JAT,SAINI MOHALLA
363,NANGLOI JAT,SANGAM APPT. PASCHIM VIHAR
364,NANGLOI JAT,SHIV PARK VILL. NANGLOI
365,NANGLOI JAT,SHIV RAM PARK
366,NANGLOI JAT,SHIV RAM PARK QAMRUDDIN NAGAR
367,NANGLOI JAT,VANDANA VIHAR
368,NANGLOI JAT,YADAV PARK EXTN.
369,MANGOL PURI (SC),MANGOL PURI
370,MANGOL PURI (SC),MANGOLPURI
371,MANGOL PURI (SC),ROHINI
372,ROHINI,BADLI INDUS. AREA
373,ROHINI,BADLI INDUS. AREA & SURAJ PARK
374,ROHINI,NAHARPUR VILLAGE
375,ROHINI,NAHARPUR VILLAGE & ROHINI SEC 7
376,ROHINI,PRASHANT VIHAR
377,ROHINI,RAJA VIHAR
378,ROHINI,ROHINI SEC 13
379,ROHINI,ROHINI SEC 14
380,ROHINI,ROHINI SEC 15
381,ROHINI,ROHINI SEC 7
382,ROHINI,ROHINI SEC 8
383,ROHINI,ROHINI SEC 9
384,ROHINI,ROHINI SEC-15
385,ROHINI,ROHINI SEC-9
386,ROHINI,ROHINI SECTOR -7
387,ROHINI,ROHINI SECTOR-13
388,ROHINI,SEC 14 EXTEN. ROHINI
389,ROHINI,SECTOR -13 ROHINI
390,ROHINI,SECTOR -9 & 13 ROHINI
391,ROHINI,SECTOR -9 ROHINI
392,ROHINI,SECTOR-18 ROHINI
393,ROHINI,SURAJ PARK
394,ROHINI,VILLAGE RAJAPUR SEC-9
395,SHALIMAR BAGH,HAIDER PUR VILLAGE
396,SHALIMAR BAGH,PITAMPURA
397,SHALIMAR BAGH,SHALIMAR BAGH
398,SHALIMAR BAGH,SHALIMAR VILLAGE
399,SHAKUR BASTI,JWALA HERI VILL
400,SHAKUR BASTI,MULTAN NAGAR
401,SHAKUR BASTI,NEW MULTAN NAGAR
402,SHAKUR BASTI,PASCHIM PURI
403,SHAKUR BASTI,PASCHIM VIHAR
404,SHAKUR BASTI,PEERA GARHI CAMP
405,SHAKUR BASTI,"PITAMPURA PUBLIC SCHOOL PITAMPURA, DELHI"
406,SHAKUR BASTI,PITAMPURA SARASWATI VIHAR
407,SHAKUR BASTI,RANI BAGH
408,SHAKUR BASTI,RISHI NAGAR
409,SHAKUR BASTI,SARASWATI VIHAR
410,SHAKUR BASTI,SHAKUR BASTI
411,TRI NAGAR,ASHOKA PARK
412,TRI NAGAR,CHANDER NAGAR
413,TRI NAGAR,DEVA RAM PARK
414,TRI NAGAR,"DEVA RAM PARK,TRI NAGAR"
415,TRI NAGAR,GANESH PURA
416,TRI NAGAR,"GANESH PURA,KANHIYA NAGAR"
417,TRI NAGAR,"GANESH PURA,TRI NAGAR"
418,TRI NAGAR,GOLDEN PARK
419,TRI NAGAR,HANSA PURI
420,TRI NAGAR,HARSH VIHAR
421,TRI NAGAR,HARYANA POWER STATION COLONY
422,TRI NAGAR,JAI MATA MARKET
423,TRI NAGAR,KANHIYA NAGAR
424,TRI NAGAR,LAWRANCE ROAD
425,TRI NAGAR,"LEKHU NAGAR,TRI NAGAR"
426,TRI NAGAR,MAHENDER PARK
427,TRI NAGAR,NARANG COLONY
428,TRI NAGAR,ONKAR NAGAR
429,TRI NAGAR,PITAMPURA
430,TRI NAGAR,RAJA PARK
431,TRI NAGAR,RAJDHANI ENCLAVE
432,TRI NAGAR,RAM PURA
433,TRI NAGAR,RAMPURA
434,TRI NAGAR,SHAKUR PUR
435,TRI NAGAR,SHAKURPUR
436,TRI NAGAR,SHAKURPUR VILLAGE
437,TRI NAGAR,"SHANTI NAGAR(GANESH PURA),TRI NAGAR"
438,TRI NAGAR,"SHANTI NAGAR,GANESH PURA,TRI NAGAR"
439,TRI NAGAR,"SHANTI NAGAR,TRI NAGAR"
440,TRI NAGAR,"SRI NAGAR,SHAKURPUR"
441,TRI NAGAR,VISHRAM NAGAR
442,WAZIRPUR,ASHOK VIHAR PH I
443,WAZIRPUR,ASHOK VIHAR PH I& II
444,WAZIRPUR,ASHOK VIHAR PH II
445,WAZIRPUR,ASHOK VIHAR PH III
446,WAZIRPUR,ASHOK VIHAR PH IV
447,WAZIRPUR,BHARAT NAGAR
448,WAZIRPUR,INDL AREA WAZIRPUR
449,WAZIRPUR,KESHAV PURAM
450,WAZIRPUR,NIMRI COLONY
451,WAZIRPUR,SATYAWATI COLONY
452,WAZIRPUR,SAWAN PARK
453,WAZIRPUR,SHAKTI NAGAR EXTN
454,WAZIRPUR,WAZIR PUR INDL AREA
455,WAZIRPUR,WAZIR PURI INDL AREA
456,WAZIRPUR,WAZIRPUR INDL AREA
457,WAZIRPUR,WAZIRPUR JJ COLONY
458,WAZIRPUR,WAZIRPUR VILLAGE
459,WAZIRPUR,WAZIRPURI INDL AREA
460,WAZIRPUR,WAZUR PUR INDL AREA
461,MODEL TOWN,'A' BLOCK 'B' BLOCK MODEL TOWN-I
462,MODEL TOWN,'B' BLOCK MODEL TOWN-III
463,MODEL TOWN,BHAGWAN DASS AHATA DELHI ADMN. FLATS
464,MODEL TOWN,BIRLA MILL QTRS
465,MODEL TOWN,"BLOCK 1,2 ROOP NAGAR"
466,MODEL TOWN,"BLOCK 3,4 ROOP NAGAR"
467,MODEL TOWN,BLOCK-2 MCD QTRS ROOP NAGAR
468,MODEL TOWN,"BLOCK-4,5,6,8 ROOP NAGAR"
469,MODEL TOWN,"BLOCK-A, KAMLA NAGAR"
470,MODEL TOWN,"BLOCK-D, KAMLA NAGAR"
471,MODEL TOWN,BLOCK-E BANGLOW ROAD
472,MODEL TOWN,BLOCK-E KAMLA NAGAR
473,MODEL TOWN,BLOCK-F KAMLA NAGAR
474,MODEL TOWN,BLOCK-G & UB JAWAHAR NAGAR
475,MODEL TOWN,BLOCK-UA JAWAHAR NAGAR
476,MODEL TOWN,BLOCK-UB JAWAHAR NAGAR
477,MODEL TOWN,BLOOK-7 ROOP NAGAR
478,MODEL TOWN,C. C. COLONY
479,MODEL TOWN,C-BLOCK MODEL TOWN-II
480,MODEL TOWN,C-BLOCK MODEL TOWN-III
481,MODEL TOWN,"C-BLOCK, R P BAGH"
482,MODEL TOWN,D & F-BLOCK MODEL TOWN-1/2
483,MODEL TOWN,D T C COLONY
484,MODEL TOWN,"D,H & G BLOCK MODEL TOWN-III"
485,MODEL TOWN,D-BLOCK MODEL TOWN-III
486,MODEL TOWN,"D-BLOCK, R P BAGH"
487,MODEL TOWN,DERAWAL NAGAR
488,MODEL TOWN,DERAWALA NAGAR
489,MODEL TOWN,DERAWALA NAGAR GUJRAWALA TOWN
490,MODEL TOWN,DESU COLONY
491,MODEL TOWN,'F' BLOCK MODEL TOWN-II
492,MODEL TOWN,GHANTA GHAR
493,MODEL TOWN,GT KARNAL ROAD
494,MODEL TOWN,GUJRANWALA TOWN-1
495,MODEL TOWN,GUJRAWALA TOWN BIJLI APARTMENT
496,MODEL TOWN,GUJRAWALAN TOWN
497,MODEL TOWN,GULABI BAGH
498,MODEL TOWN,GUR MANDI
499,MODEL TOWN,ISHWAR COLONY NEW GUPTA COLONY
500,MODEL TOWN,"JAIN COLONY, R P BAGH"
501,MODEL TOWN,JAWAHAR NAGAR NEW CHANDRAWAL
502,MODEL TOWN,K & D-BLOCK MODEL TOWN-III
503,MODEL TOWN,K BLOCK MODEL TOWN-II
504,MODEL TOWN,"KABIR NAGAR, R P BAGH"
505,MODEL TOWN,KALYAN VIHAR
506,MODEL TOWN,KAMLA NAGAR KOHLAPUR RD CHANDRAWAL
507,MODEL TOWN,KAUSHALPURI AZADPUR
508,MODEL TOWN,"KAUSHALPURI, LAL BAGH, C-BLOCK, AZADPUR"
509,MODEL TOWN,"KAUSHALPURI, LAL BAGH, T-HUTS, AZADPUR"
510,MODEL TOWN,KHILONA BAGH GURDWARA NANAK PIO
511,MODEL TOWN,LAL BAGH AZAD PUR
512,MODEL TOWN,LAL BAGH MAUZI WALA BAGH AZADPUR
513,MODEL TOWN,"LAL BAGH(HUTS),AZADPUR"
514,MODEL TOWN,"LAL BAGH, AZADPUR"
515,MODEL TOWN,MAHENDRU ENCLAVE
516,MODEL TOWN,MCD COLONY AZAD PUR
517,MODEL TOWN,MOJIWALA BAGH AZADPUR
518,MODEL TOWN,MUBARAK BAGH BEHIND P.S.MODAL TOWN
519,MODEL TOWN,"N-BLOCK, LAL BAGH, AZAD PUR"
520,MODEL TOWN,NEW CHANDRAWAL JAWAHAR NAGAR
521,MODEL TOWN,NEW GUPTA COLONY
522,MODEL TOWN,NEW POLICE LINE KINGSWAY CAMP
523,MODEL TOWN,OLD GUPTA COLONY
524,MODEL TOWN,PREM NAGAR
525,MODEL TOWN,PRIYADARSHNI VIHAR
526,MODEL TOWN,R P BAGH
527,MODEL TOWN,"R P BAGH, T-HUTS, AHATA"
528,MODEL TOWN,"R P BAGH, T-HUTS, KABIR NAGAR"
529,MODEL TOWN,ROSHANARA ROAD
530,MODEL TOWN,SANGAM PARK
531,MODEL TOWN,SANGAM PARK DHOBI GHAT
532,MODEL TOWN,SANGAM PARK R P BAGH
533,MODEL TOWN,"SANGAM PARK, R P BAGH"
534,MODEL TOWN,SHAKTI NAGAR
535,MODEL TOWN,SINDHORA KALAN
536,MODEL TOWN,STATE BANK COLONY
537,MODEL TOWN,"T-HUTS VILLAGE RAJPURA GURMANDI, DOBLE STORY FLATS"
538,MODEL TOWN,"T-HUTS,LAL BAGH AZAD PUR"
539,MODEL TOWN,"TRIPOLIA , R P BAGH"
540,MODEL TOWN,VILLAGE RAJPURA GURMANDI
541,MODEL TOWN,VILLAGE RAJPURA GURMANDI T-HUTS
542,MODEL TOWN,VILLAGE RAJPURA T-HUTS GURMANDI
543,MODEL TOWN,"VILLAGE RAJPURA, T-HUTS, GURMANDI"
544,MODEL TOWN,VILLAGE SINDHORA KALAN
545,SADAR BAZAR,ANAND PARBAT
546,SADAR BAZAR,AZAD MARKET TELIWARA
547,SADAR BAZAR,BAHADUR GARH ROAD
548,SADAR BAZAR,"BAHADUR GARH ROAD, QUTAB ROAD"
549,SADAR BAZAR,BARA HINDU RAO
550,SADAR BAZAR,BERI WALA BAGH
551,SADAR BAZAR,DAYA BASTI
552,SADAR BAZAR,DAYA BASTI RAILWAY COLONY
553,SADAR BAZAR,DEPUTY GANJ
554,SADAR BAZAR,GULABI BAGH
555,SADAR BAZAR,INDER LOK
556,SADAR BAZAR,KISHAN GANJ
557,SADAR BAZAR,"KISHAN GANJ, AMBA BAGH, PADAM NAGAR"
558,SADAR BAZAR,"KISHAN GANJ, BAGH KARE KHAN"
559,SADAR BAZAR,"KISHAN GANJ, CHANDER SHEKHAR AZAD COLONY"
560,SADAR BAZAR,"KISHAN GANJ, PADAM NAGAR"
561,SADAR BAZAR,"KISHAN GANJ, RLWY COLONY"
562,SADAR BAZAR,"KISHAN GANJ, SWAMI DAYANAND COLONY"
563,SADAR BAZAR,"KISHAN GANJ,BALJEET NAGAR"
564,SADAR BAZAR,PAHARI DHIRAJ
565,SADAR BAZAR,"PAHARI DHIRAJ, DEPUTY GANJ"
566,SADAR BAZAR,"PAHARI DHIRAJ, GALI AHIRAN"
567,SADAR BAZAR,PRATAP NAGAR
568,SADAR BAZAR,"PULBANGANSH, RAM BAGH ROAD"
569,SADAR BAZAR,RAM BAGH ROAD
570,SADAR BAZAR,ROSHAN ARA ROAD
571,SADAR BAZAR,ROSHNARA ROAD
572,SADAR BAZAR,"ROSHNARA ROAD,SUBZI MANDI"
573,SADAR BAZAR,SADAR BAZAR
574,SADAR BAZAR,"SADAR BAZAR, BAHADUR GARH ROAD"
575,SADAR BAZAR,"SADAR BAZAR, FAIZ GANJ"
576,SADAR BAZAR,"SADAR BAZAR, GALI AHIRAN"
577,SADAR BAZAR,SADAR NALA ROAD BARA TOOTI
578,SADAR BAZAR,SARAI ROHILLA
579,SADAR BAZAR,"SARAI ROHILLA, EST MOTI BAGH"
580,SADAR BAZAR,"SARAI ROHILLA, VIVEKA NANDPURI"
581,SADAR BAZAR,"SARAI ROHILLA, WEST MOTI BAGH"
582,SADAR BAZAR,SHASTRI NAGAR
583,SADAR BAZAR,SUBHADRA COLONY
584,SADAR BAZAR,SUBZI MANDI
585,SADAR BAZAR,"SUBZI MANDI, AZAD MARKET"
586,SADAR BAZAR,TELIWARA
587,SADAR BAZAR,TELIWARA PUL MITHAI
588,SADAR BAZAR,"TELIWARA, PARTAP MARKET"
589,SADAR BAZAR,"TELIWARA, SHEESH MAHAL"
590,SADAR BAZAR,"TELIWARI, KISHAN GANJ"
591,SADAR BAZAR,"TOKRI WALAN, AZAD MARKET"
592,SADAR BAZAR,TULSI NAGAR
593,SADAR BAZAR,"VASU DEV NAGAR, PRATAP NAGAR"
594,CHANDNI CHOWK,KHARI BAOLI
595,CHANDNI CHOWK,ALIPUR ROAD
596,CHANDNI CHOWK,ARUNA NAGAR
597,CHANDNI CHOWK,BELA ROAD
598,CHANDNI CHOWK,BHAGIRATH PALACE
599,CHANDNI CHOWK,BOULWARD ROAD
600,CHANDNI CHOWK,CHAHAL PURI
601,CHANDNI CHOWK,CHANDGI RAM AKHARA
602,CHANDNI CHOWK,CHANDRAWAL ROAD
603,CHANDNI CHOWK,CHIRA KHANA
604,CHANDNI CHOWK,DARIBA KALAN
605,CHANDNI CHOWK,DARYA GANJ
606,CHANDNI CHOWK,DHARAM PURA
607,CHANDNI CHOWK,FAIZ BAZAR
608,CHANDNI CHOWK,FATEH PURI
609,CHANDNI CHOWK,H.C. SEN MARG
610,CHANDNI CHOWK,JAMA MASJID
611,CHANDNI CHOWK,KASHMERE GATE
612,CHANDNI CHOWK,KATRA NEEL CHANDNI CHOWK
613,CHANDNI CHOWK,KHYBER PASS
614,CHANDNI CHOWK,KINARI BAZAR
615,CHANDNI CHOWK,KUCHA CHELAN
616,CHANDNI CHOWK,KUCHA MAUTHER KHAN
617,CHANDNI CHOWK,LAL QUILA YAMUNA BRIDGE
618,CHANDNI CHOWK,MADARSHA ROAD
619,CHANDNI CHOWK,MALIWARA
620,CHANDNI CHOWK,MATIA MAHAL
621,CHANDNI CHOWK,MORI GATE
622,CHANDNI CHOWK,MOTIA BAGH
623,CHANDNI CHOWK,NAI BASTI NAYA BAZAR
624,CHANDNI CHOWK,NAI SARAK
625,CHANDNI CHOWK,NAWAB GANJ
626,CHANDNI CHOWK,NAYA BAZAR
627,CHANDNI CHOWK,NICLSON ROAD
628,CHANDNI CHOWK,OLD CHANDRAWAL
629,CHANDNI CHOWK,PHATAK RANG MAHAL
630,CHANDNI CHOWK,PULL MITHAI
631,CHANDNI CHOWK,RAJNIWAS MARG
632,CHANDNI CHOWK,RAJPUR ROAD
633,CHANDNI CHOWK,RAM KISHOR ROAD
634,CHANDNI CHOWK,S P MUKHERJEE MARG
635,CHANDNI CHOWK,SARAI PHOOSE
636,CHANDNI CHOWK,TIS HAZARI
637,CHANDNI CHOWK,UNDER HILL ROAD
638,CHANDNI CHOWK,VAID WARA
639,CHANDNI CHOWK,YAMUNA BAZAR
640,MATIA MAHAL,AJMERI GATE
641,MATIA MAHAL,ASAF ALI ROAD
642,MATIA MAHAL,CHANDNI MAHAL
643,MATIA MAHAL,CHATTA LAL MIAN
644,MATIA MAHAL,CHAWRI BAZAR
645,MATIA MAHAL,CHHATTA LAL MIAN
646,MATIA MAHAL,CHITLI QABAR
647,MATIA MAHAL,CHURIWALAN
648,MATIA MAHAL,DDU MARG
649,MATIA MAHAL,DELHI GATE
650,MATIA MAHAL,G B PANT COMPLEX
651,MATIA MAHAL,GANJ MIR KHAN
652,MATIA MAHAL,HAUZ QAZI
653,MATIA MAHAL,JAMA MASJID
654,MATIA MAHAL,LAL KUAN
655,MATIA MAHAL,M A M C
656,MATIA MAHAL,MAHARAJA RANJIT SINGH MARG
657,MATIA MAHAL,MAMC COMPLEX
658,MATIA MAHAL,MATA SUNDRI ROAD
659,MATIA MAHAL,MATIA MAHAL
660,MATIA MAHAL,MINTO ROAD
661,MATIA MAHAL,MIRDARD ROAD
662,MATIA MAHAL,PAHARI BHOJLA
663,MATIA MAHAL,RAKAB GANJ
664,MATIA MAHAL,RAUSE AVENUE
665,MATIA MAHAL,SITA RAM BAZAR
666,MATIA MAHAL,SUIWALAN
667,MATIA MAHAL,TAGORE ROAD
668,MATIA MAHAL,THOMSON ROAD
669,MATIA MAHAL,TIRAHA BEHRAM KHAN
670,MATIA MAHAL,TURKMAN GATE
671,BALLIMARAN,AHATA KALE SAHIB
672,BALLIMARAN,AHATA KIDARA
673,BALLIMARAN,AHATA KIDARA DOUBLE STOREY QRS.
674,BALLIMARAN,AHATA KIDARA SADARNALA ROAD
675,BALLIMARAN,AHATAKALE SAHIB
676,BALLIMARAN,AMARPURI
677,BALLIMARAN,"AMARPURI, NABI KARIM"
678,BALLIMARAN,BAGICHI ALLAUDDIN
679,BALLIMARAN,BAGICHI RAGHUNATH
680,BALLIMARAN,BAGICHI RAGHUNATH BASTI JULAHAN
681,BALLIMARAN,BARA DARI SHER AFGAN
682,BALLIMARAN,BARA HINDU RAO
683,BALLIMARAN,BARADARI SHER AFGAN
684,BALLIMARAN,BASTI BAGRIAN
685,BALLIMARAN,BASTI HARPHOOL SINGH
686,BALLIMARAN,BASTI JULAHAN
687,BALLIMARAN,BAZAR BALLI MARAN
688,BALLIMARAN,BAZAR CHANDNI CHOWK
689,BALLIMARAN,BAZAR LAL KUAN
690,BALLIMARAN,BAZAR LAL KUAN (NAYABANS)
691,BALLIMARAN,BAZAR LAL KUAN AHATA KALE SAHIB
692,BALLIMARAN,BAZAR LAL KUAN NAYA BANS FARASH KHANA
693,BALLIMARAN,CHAMELIAN ROAD
694,BALLIMARAN,CHAMELIAN ROAD AHATA KIDARA
695,BALLIMARAN,CHAWRI BAZAR NAI SARAK
696,BALLIMARAN,CHINYOT BASTI
697,BALLIMARAN,DHARAM PURA
698,BALLIMARAN,FAIZAL ROAD
699,BALLIMARAN,FARASH KHANA
700,BALLIMARAN,GALI SHYAMJI
701,BALLIMARAN,HAVELI HISSAMUDDIN HAIDER
702,BALLIMARAN,HOSHIAR SINGH MARG
703,BALLIMARAN,IDGAH ROAD
704,BALLIMARAN,IDGHA ROAD
705,BALLIMARAN,JHANDEWALAN ROAD
706,BALLIMARAN,JOGIWARA
707,BALLIMARAN,KHARI BAOLI
708,BALLIMARAN,KRISHNA BASTI
709,BALLIMARAN,"KRISHNA BASTI, AMARPURI"
710,BALLIMARAN,KUCHA REHMAN
711,BALLIMARAN,KUCHA REHMAN CHANDNI CHOWK
712,BALLIMARAN,KUCHA REHMAN NAI SARAK
713,BALLIMARAN,KUNCHA PANDIT
714,BALLIMARAN,LAXMAN PURA
715,BALLIMARAN,MM ROAD
716,BALLIMARAN,MOHALLA CHARAN DASS
717,BALLIMARAN,MOHALLA CHARAN DASS GALI LOHE WALI
718,BALLIMARAN,MOHALLA NIYARIYAN
719,BALLIMARAN,MOHALLA SIKRIGRAN
720,BALLIMARAN,"MOHALLA YOGMAYA, BAGICHI, ALLAUDDIN"
721,BALLIMARAN,MOTIA KHAN
722,BALLIMARAN,"MOTIA KHAN AKHARA, JAIN MANDIRIDGAH ROAD"
723,BALLIMARAN,"MULTANI DHANDA, PAHAR GANJ"
724,BALLIMARAN,NABI KARIM
725,BALLIMARAN,"NABI KARIM, QUTAB ROAD"
726,BALLIMARAN,NAI SARAK
727,BALLIMARAN,NAI WARA
728,BALLIMARAN,NAYA BANS
729,BALLIMARAN,PAHARI DHIRAJ RANI JHANSI ROAD
730,BALLIMARAN,PAHARIDHIRAJ
731,BALLIMARAN,PREM NAGAR
732,BALLIMARAN,QASAB PURA
733,BALLIMARAN,QASAB PURA SADAR NALA ROAD
734,BALLIMARAN,QASABPURA CHAMELIAN RD
735,BALLIMARAN,"QUTAB MARG, NABI KARIM"
736,BALLIMARAN,"QUTAB MARG, NABI KARIM,HANUMAN MANDIR,BALLAH"
737,BALLIMARAN,QUTAB ROAD
738,BALLIMARAN,"RAILWAY AREA, RAM NAGAR"
739,BALLIMARAN,"RAM NAGAR , QUTAB ROAD"
740,BALLIMARAN,RAM NAGAR AARAKASHAN ROAD
741,BALLIMARAN,RANI JHANSI ROAD
742,BALLIMARAN,RODGRAN
743,BALLIMARAN,SADAR BAZAR
744,BALLIMARAN,SADAR NALA ROAD
745,BALLIMARAN,SADAR NALA ROAD GALI KHIRKI SARAI KHALIL
746,BALLIMARAN,SADAR NALA ROAD GALI NO.11
747,BALLIMARAN,SADAR NALA ROAD GHASMANDI
748,BALLIMARAN,SADAR NALA ROAD QUTAB ROAD
749,BALLIMARAN,SADAR THANA ROAD
750,BALLIMARAN,SARAI KHALIL KUCHA LALLU MISSAR
751,BALLIMARAN,SARDHA NAND MKT.
752,BALLIMARAN,SHANKAR MARG
753,BALLIMARAN,"SHANKAR MARG, NABI KARIM"
754,BALLIMARAN,TEL MILL MARG
755,KAROL BAGH (SC),RAMESHWARI NEHRU NAGAR
756,KAROL BAGH (SC),"AHATA THAKAR DASS, NEAR SARAI ROHILLA RLWY STATION"
757,KAROL BAGH (SC),AMBEDKAR BHAWAN
758,KAROL BAGH (SC),ARAM BAGH
759,KAROL BAGH (SC),ARYA NAGAR
760,KAROL BAGH (SC),BAGH RAOJI
761,KAROL BAGH (SC),BAPA NAGAR
762,KAROL BAGH (SC),BEADON PURA
763,KAROL BAGH (SC),CHANDIWALAN
764,KAROL BAGH (SC),CHUNA MANDI
765,KAROL BAGH (SC),DB GUPTA ROAD
766,KAROL BAGH (SC),DEV NAGAR
767,KAROL BAGH (SC),DORIWALAN
768,KAROL BAGH (SC),FAIZ ROAD
769,KAROL BAGH (SC),GAUSHALA BARADARI
770,KAROL BAGH (SC),GAUSHALA MARG
771,KAROL BAGH (SC),JHANDEWALAN
772,KAROL BAGH (SC),JOSHI ROAD
773,KAROL BAGH (SC),KASERUWALAN
774,KAROL BAGH (SC),KATRA GANGA BISHAN
775,KAROL BAGH (SC),KISHAN GANJ
776,KAROL BAGH (SC),KISHAN GANJ RAILWAY AREA
777,KAROL BAGH (SC),LADDU GHATI
778,KAROL BAGH (SC),MAIN BAZAR PAHAR GANJ
779,KAROL BAGH (SC),MANAK PURA
780,KAROL BAGH (SC),MANTOLA
781,KAROL BAGH (SC),MOHALLA BHAGRAOJI
782,KAROL BAGH (SC),MOTIA KHAN
783,KAROL BAGH (SC),MULTANI DHANDA
784,KAROL BAGH (SC),NAIWALA
785,KAROL BAGH (SC),"NAIWALA, KAROL BAGH"
786,KAROL BAGH (SC),NEW ROHTAK ROAD
787,KAROL BAGH (SC),RAIGAR PURA
788,KAROL BAGH (SC),RAILWAY COLONY BASANT ROAD
789,KAROL BAGH (SC),RAMJAS ROAD
790,KAROL BAGH (SC),REGAR PURA
791,KAROL BAGH (SC),SHIDHI PURA
792,KAROL BAGH (SC),SHORA KOTHI
793,KAROL BAGH (SC),SIDHIPURA
794,KAROL BAGH (SC),TIBBIA COLLEGE
795,PATEL NAGAR,ANAND PARBAT THAN SINGH NAGAR
796,PATEL NAGAR,BALJEET NAGAR
797,PATEL NAGAR,DMS PATEL NAGAR
798,PATEL NAGAR,DTC COLONY PATEL NAGAR
799,PATEL NAGAR,EAST PATEL NAGAR
800,PATEL NAGAR,MC PRY SCHOOL MOLAR BASTI
801,PATEL NAGAR,NEHRU NAGAR
802,PATEL NAGAR,NEW RANJIT NAGAR
803,PATEL NAGAR,NEW RANJIT NAGAR (DDA FLATS)
804,PATEL NAGAR,OLD RANJIT NAGAR
805,PATEL NAGAR,PARSAD NAGAR
806,PATEL NAGAR,PATEL NAGAR
807,PATEL NAGAR,PREM NAGAR
808,PATEL NAGAR,RANJEET NAGAR
809,PATEL NAGAR,SHADI KHAM PUR
810,PATEL NAGAR,SHADI KHAMPUR
811,PATEL NAGAR,SHADI PUR MOLAR BASTI
812,PATEL NAGAR,SHADIPUR MOLAR BASTI
813,PATEL NAGAR,SOUTH PATEL NAGAR
814,PATEL NAGAR,WEST PATEL NAGAR
815,MOTI NAGAR,MOTI NAGAR
816,MOTI NAGAR,ASHOKA PARK EAST PUNJABI BAGH
817,MOTI NAGAR,BHAGWAN DASS NAGAR
818,MOTI NAGAR,EAST PUNJABI BAGH
819,MOTI NAGAR,EAST PUNJABI BAGH
820,MOTI NAGAR,"JAIDEV PARK, BHAGWAN DASS NAGAR EXTN."
821,MOTI NAGAR,KARAMPURA
822,MOTI NAGAR,KIRTI NAGAR
823,MOTI NAGAR,KIRTI NAGAR (JAWAHAR CAMP)
824,MOTI NAGAR,"KIRTI NAGAR ,HARIJAN CAMP"
825,MOTI NAGAR,"KIRTI NAGAR CHUNA BHATTI INDL. AREA,"
826,MOTI NAGAR,KIRTI NAGAR INDL. AREA
827,MOTI NAGAR,KIRTI NAGAR INDL. AREA (KAMLA NEHRU CAMP)
828,MOTI NAGAR,KIRTI NAGAR TIMBER MARKET
829,MOTI NAGAR,MADAN PARK
830,MOTI NAGAR,MANOHAR PARK EAST PUNJABI BAGH
831,MOTI NAGAR,MANSAROVER GARDEN
832,MOTI NAGAR,MOTI NAGAR
833,MOTI NAGAR,NAJAFGARH ROAD FACTORIES
834,MOTI NAGAR,NEW MOTI NAGAR
835,MOTI NAGAR,NEW MOTI NAGAR H-IL COLONY GURUNANAK COLONY
836,MOTI NAGAR,NEW MOTI NAGAR KARAM PURA MARKET
837,MOTI NAGAR,"NEW MOTI NAGAR, FIRE STATION, . H-IL COLONY"
838,MOTI NAGAR,RAILWAY COLONY EAST PUNJABI BAGH
839,MOTI NAGAR,RAJOURI GARDEN
840,MOTI NAGAR,RAJOURI GARDEN .BANK ENCLAVE
841,MOTI NAGAR,RAMA ROAD
842,MOTI NAGAR,RAMA ROAD ZAKHIRA
843,MOTI NAGAR,RAMESH NAGAR
844,MOTI NAGAR,RAMESH NAGAR (SHARDAPURI)
845,MOTI NAGAR,SARASWATI GARDEN
846,MOTI NAGAR,SHARDAPURI MANSAROVER GARDEN
847,MOTI NAGAR,SUDERSHAN PARK
848,MOTI NAGAR,"T HUTS NEAR SOI STEEL INDUSTRY, RAMA ROAD"
849,MOTI NAGAR,ZAKHIRA
850,MOTI NAGAR,ZAKHIRA (RAKHI MARKET)
851,MOTI NAGAR,ZAKHIRA AMAR PARK
852,MOTI NAGAR,ZAKHIRA DAYA BASTI RLY STATION
853,MADIPUR (SC),BALI NAGAR
854,MADIPUR (SC),BASAI DARAPUR
855,MADIPUR (SC),MADIPUR
856,MADIPUR (SC),MADIPUR COLONY
857,MADIPUR (SC),MADIPUR JJ COLONY
858,MADIPUR (SC),MADIPUR VILLAGE
859,MADIPUR (SC),PASCHIM PURI
860,MADIPUR (SC),PUNJABI BAGH
861,MADIPUR (SC),PUNJABI BAGH EXTENSION
862,MADIPUR (SC),PUNJABI BAGH EXTN
863,MADIPUR (SC),RAGHUBIR NAGAR
864,MADIPUR (SC),RAJA GARDEN
865,MADIPUR (SC),RAJOURI GARDEN EXTN
866,MADIPUR (SC),SFS MADIPUR
867,MADIPUR (SC),SFS MADIPUR COMMUNITY CENTER
868,MADIPUR (SC),TAGORE GARDEN EXT.
869,MADIPUR (SC),VISHAL ENCLAVE
870,RAJOURI GARDEN,CHAND NAGAR
871,RAJOURI GARDEN,CHAUKHANDI
872,RAJOURI GARDEN,GANGA RAM VATIKA
873,RAJOURI GARDEN,GURU GOVIND SINGH RAGHUBIR NAGAR
874,RAJOURI GARDEN,HMP RAGHUBIR NAGAR
875,RAJOURI GARDEN,"HMP, RGB RAGHUBI NAGAR"
876,RAJOURI GARDEN,J J COLONY CHAUKHANDI
877,RAJOURI GARDEN,J J COLONY KHYALA
878,RAJOURI GARDEN,KHYALA VILLAGE
879,RAJOURI GARDEN,MUKH RAM GARDEN
880,RAJOURI GARDEN,MUKH RAM GARDEN EXTN
881,RAJOURI GARDEN,MUKHARJI PARK
882,RAJOURI GARDEN,MUKHERJEE PARK EXTN
883,RAJOURI GARDEN,MUKHRA PARK EXTN
884,RAJOURI GARDEN,NARSING GARDEN
885,RAJOURI GARDEN,RAGHUBIR NAGAR
886,RAJOURI GARDEN,RAJOURI GARDEN
887,RAJOURI GARDEN,RAM NAGAR
888,RAJOURI GARDEN,RAVI NAGAR
889,RAJOURI GARDEN,"RGB, RGA RAGHUBIR NAGAR"
890,RAJOURI GARDEN,SANT NAGAR
891,RAJOURI GARDEN,SANT NAGAR EXTN
892,RAJOURI GARDEN,SHAM NAGAR EXTN.
893,RAJOURI GARDEN,SHAYAM NAGAR
894,RAJOURI GARDEN,SHYAM NAGAR
895,RAJOURI GARDEN,SHYAM NAGAR VISHNU GARDEN
896,RAJOURI GARDEN,TAGORE GARDEN
897,RAJOURI GARDEN,TAGORE GARDEN EXTN
898,RAJOURI GARDEN,TC CAMP RAGHUBIR NAGAR
899,RAJOURI GARDEN,TILAK NAGAR
900,RAJOURI GARDEN,TITAR PUR
901,RAJOURI GARDEN,TITAR PUR &TAGORE GARDEN
902,RAJOURI GARDEN,VISHNU GARDEN
903,HARI NAGAR,ASHA PARK
904,HARI NAGAR,FATEH NAGAR
905,HARI NAGAR,GOPAL NAGAR
906,HARI NAGAR,HARI NAGAR
907,HARI NAGAR,HARI NAGAR MAYA PURI
908,HARI NAGAR,HARI NAGAR PRATAP NAGAR
909,HARI NAGAR,JANAK PARK
910,HARI NAGAR,JANAK PURI
911,HARI NAGAR,JANAKPURI
912,HARI NAGAR,LAJWANTI GARDEN
913,HARI NAGAR,MAYA PURI
914,HARI NAGAR,"MAYAPURI, PH-II KHAZAN BASTI"
915,HARI NAGAR,"MAYAPURI, PH-II, KHAZAN BASTI"
916,HARI NAGAR,"MAYAPURI, PH-IIKHAZAN BASTI"
917,HARI NAGAR,"MAYAPURIPH-II, KHAZAN BASTI"
918,HARI NAGAR,NANGAL RAYA
919,HARI NAGAR,NANGAL RAYA VILLAGE
920,HARI NAGAR,PARTAP NAGAR
921,HARI NAGAR,SUBHASH NAGAR
922,HARI NAGAR,TIHAR VILLAGE
923,HARI NAGAR,VIKRANT ENCLAVE
924,TILAK NAGAR,"AJAY ENCLAVE, ASHOK NAGAR ASHOK NAGAR"
925,TILAK NAGAR,ASHOK NAGAR
926,TILAK NAGAR,ASHOK NAGAR DOUBLE & SINGLE QUARTER
927,TILAK NAGAR,GANESH NAGAR
928,TILAK NAGAR,GURU NANAK NAGAR
929,TILAK NAGAR,HARIJAN COLONY DOUBLE STOREY
930,TILAK NAGAR,INDRA CAMP NO4 VIKAS PURI
931,TILAK NAGAR,JANTA FLAT KG-3 VIKAS PURI
932,TILAK NAGAR,JANTA FLATS SITE I & BLOCK A VIKAS PURI
933,TILAK NAGAR,JANTA FLATS SITE-1 VIKAS PURI
934,TILAK NAGAR,KESHOPUR TANK
935,TILAK NAGAR,KESHOPUR VILLAGE
936,TILAK NAGAR,KRISHNA PARK
937,TILAK NAGAR,KRISHNA PARK EXTN
938,TILAK NAGAR,KRISHNA PURI
939,TILAK NAGAR,LIG FLAT KG-2 VIKAS PURI
940,TILAK NAGAR,M.B.S. NAGAR SATN GARH
941,TILAK NAGAR,MEENAKSHI GARDEN TILAK NAGAR POLICE STATION
942,TILAK NAGAR,NEW KRISHNA PARK AND P M SOCIETY FLATS
943,TILAK NAGAR,NEW MAHAVIR NAGAR
944,TILAK NAGAR,NEW MAHAVIR NAGAR DELHI ADM QTR
945,TILAK NAGAR,"NEW MAHAVIR NAGAR KRISHNA PARK GALI NO 16,17,13,14"
946,TILAK NAGAR,"NEW MAHAVIR NAGAR L BLOCK GALI NO 21,22,18,19,20"
947,TILAK NAGAR,NEW MAHAVIR NAGAR L-2 BLOCK
948,TILAK NAGAR,NEW SHAHPURA M.B.S. NAGAR
949,TILAK NAGAR,OLD MAHAVIR NAAR S-4
950,TILAK NAGAR,OLD MAHAVIR NAGAR
951,TILAK NAGAR,POLICE COLONY QUARTERS VIKAS PURI
952,TILAK NAGAR,PRITHVI PARK
953,TILAK NAGAR,RAVI NAGAR EXTN
954,TILAK NAGAR,RESETTLEMENT COLONY BLOCK B KHYALA
955,TILAK NAGAR,RESETTLEMENT COLONY KHYALA
956,TILAK NAGAR,SANT GARH
957,TILAK NAGAR,SHANKAR GARDEN A&B BLOCK VIKAS PURI KRISHNA PARK
958,TILAK NAGAR,SHANKAR GARDEN T-HUT VIKAS PURI
959,TILAK NAGAR,TILAK NAGAR
960,TILAK NAGAR,TILAK VIHAR
961,TILAK NAGAR,VIKAS KUNJ VIKAS PURI
962,TILAK NAGAR,VIKAS KUNJ VIKAS PURI
963,TILAK NAGAR,VIKAS PURI
964,TILAK NAGAR,VIKAS PURI BLOCK A
965,TILAK NAGAR,VIKAS PURI EXT
966,TILAK NAGAR,VISHNU GARDEN
967,TILAK NAGAR,VISHNU GARDEN EXT
968,JANAK PURI,CHANAKYA PLACE
969,JANAK PURI,CHANAKYA PLACE PART-I
970,JANAK PURI,CHANAKYA PLACE PART-II
971,JANAK PURI,DAYAL SIR COLONY UTTAM NAGAR
972,JANAK PURI,EAST UTTAM NAGAR
973,JANAK PURI,HARI NAGAR
974,JANAK PURI,INDIRA PARK
975,JANAK PURI,INDIRA PARK EXT & RAM DATT ENCLAVE
976,JANAK PURI,JANAK PURI
977,JANAK PURI,JANAKPURI
978,JANAK PURI,JEEWAN PARK
979,JANAK PURI,MAHAVIR ENCLAVE Par2 & PART-III
980,JANAK PURI,MAHAVIR ENCLAVE PART-2
981,JANAK PURI,MAHAVIR ENCLAVE PART-3
982,JANAK PURI,MAHAVIR ENCLAVE PART-II
983,JANAK PURI,MAHAVIR ENCLAVE PART-III
984,JANAK PURI,MAHINDRA PARK
985,JANAK PURI,OLD SITA PURI
986,JANAK PURI,PREM NAGAR UTTAM NAGAR
987,JANAK PURI,SHIV NAGAR
988,JANAK PURI,SITA PURI
989,JANAK PURI,SITA PURI EXT
990,JANAK PURI,SITA PURI PART-I
991,JANAK PURI,SITA PURI PART-I & HARIJAN BASTI SITA PURI
992,JANAK PURI,SITA PURI PART-II
993,JANAK PURI,TIHAR JAIL
994,JANAK PURI,UTTAM NAGAR
995,JANAK PURI,VARINDER NAGAR
996,VIKASPURI,"A-1 BLOCK HASTSAL ROAD, UTTAM NAGAR"
997,VIKASPURI,"A-1 BLOCK MARKET HASTSAL ROAD, UTTAM NAGAR"
998,VIKASPURI,"A-1 BLOCK, OM VIHAR PH-V"
999,VIKASPURI,A-2 & B-2 BLOCK HASTSAL VIHAR
1000,VIKASPURI,"A-2 BLOCK HASTSAL ROAD, UTTAM NAGAR"
1001,VIKASPURI,"A-BLOCK HASTSAL ROAD, UTTAM NAGAR"
1002,VIKASPURI,A-BLOCK HASTSAL VIHAR
1003,VIKASPURI,A-BLOCK VIKAS NAGAR EXTN.
1004,VIKASPURI,"A-BLOCK, J.J.COLONY, HASTSAL"
1005,VIKASPURI,"A-BLOCK, J.J.COLONY, SHIV VIHAR"
1006,VIKASPURI,"A-BLOCK, VIKAS NAGAR"
1007,VIKASPURI,"AG-1, VIKAS PURI"
1008,VIKASPURI,"AMAR SINGH PARK, BAPROLA"
1009,VIKASPURI,"AMBEDKAR PLACE, BAPROLA"
1010,VIKASPURI,"ANAND KUNJ, KG-1, VIKAS PURI"
1011,VIKASPURI,"ARUNODAYA & MINOCHA APTTS., VIKAS PURI"
1012,VIKASPURI,B & C-BLOCK VIKAS NAGAR EXTN.
1013,VIKASPURI,"BAKARWALA VILLAGE, BAKKARWALA"
1014,VIKASPURI,"BAPROLA VIHAR, BAPROLA"
1015,VIKASPURI,BAPROLA VILLAGE
1016,VIKASPURI,"B-BLOCK, HASTSAL VIHAR"
1017,VIKASPURI,"B-BLOCK, J.J.COLONY, HASTSAL"
1018,VIKASPURI,"B-BLOCK, J.J.COLONY, SHIV VIHAR"
1019,VIKASPURI,"B-BLOCK, VIKAS NAGAR"
1020,VIKASPURI,"BLOCK-A, VIKAS NAGAR PH-1"
1021,VIKASPURI,"BLOCK-B, VIKAS NAGAR PH-II & III"
1022,VIKASPURI,"BRAHMPURI, RANHOLA"
1023,VIKASPURI,"C,D,E & F BLOCK, VIKAS NAGAR"
1024,VIKASPURI,C-BLOCK VIKAS PURI
1025,VIKASPURI,"C-BLOCK, J.J.COLONY, HASTSAL"
1026,VIKASPURI,"C-BLOCK, J.J.COLONY, SHIV VIHAR"
1027,VIKASPURI,CHANCHAL PARK BAKKARWALA
1028,VIKASPURI,"D & E BLOCK, VIKAS NAGAR"
1029,VIKASPURI,"D-1 BLOCK, OM VIHAR PH-V"
1030,VIKASPURI,"D-2 BLOCK, OM VIHAR PH-V"
1031,VIKASPURI,"DALL MILL ROAD, UTTAM NAGAR"
1032,VIKASPURI,"DASS GARDEN, BAPROLA"
1033,VIKASPURI,"D-BLOCK, HASTSAL VIHAR"
1034,VIKASPURI,"D-BLOCK, J.J.COLONY, SHIV VIHAR"
1035,VIKASPURI,"D-BLOCK, OM VIHAR PH-V"
1036,VIKASPURI,"DEEP ENCLAVE, VIKAS NAGAR"
1037,VIKASPURI,"DEEP VIHAR, VIKAS NAGAR"
1038,VIKASPURI,"DEEPAK VIHAR, VIKAS NAGAR"
1039,VIKASPURI,"DEFENCE ENCLAVE, MOHAN GARDEN"
1040,VIKASPURI,"DG-1, VIKAS PURI"
1041,VIKASPURI,"DG-II, VIKAS PURI"
1042,VIKASPURI,"DG-III & CHARAK SADAN, VIKAS PURI"
1043,VIKASPURI,"DG-III, VIKAS PURI"
1044,VIKASPURI,"E & E1 BLOCK, OM VIHAR PH-V"
1045,VIKASPURI,"E & G-BLOCK, HASTSAL VIHAR"
1046,VIKASPURI,"E-BLOCK, J.J.COLONY, SHIV VIHAR"
1047,VIKASPURI,"E-BLOCK, OM VIHAR PH-V"
1048,VIKASPURI,"E-BLOCK, OM VIHAR PH-V & ROOP VIHAR"
1049,VIKASPURI,"F-BLOCK, HASTSAL VIHAR"
1050,VIKASPURI,"F-BLOCK, VIKAS PURI"
1051,VIKASPURI,"FG-1, AIRPORT, OXFORD SR. SEC. SCHOOL APTTS., VIKAS PURI"
1052,VIKASPURI,"G-1 BLOCK GOVERDHAN PARK, UTTAM NAGAR"
1053,VIKASPURI,"GUPTA ENCLAVE, VIKAS NAGAR"
1054,VIKASPURI,GURDAYAL VIHAR BAKKARWALA
1055,VIKASPURI,"HASTSAL ROAD, UTTAM NAGAR"
1056,VIKASPURI,HASTSAL VILLAGE
1057,VIKASPURI,"HEMANT ENCLAVE & TILAK ENCLAVE, MOHAN GARDEN"
1058,VIKASPURI,"INDIRA CAMP NO.3, VIKAS PURI"
1059,VIKASPURI,"INDIRA CAMP NO.5, VIKAS PURI"
1060,VIKASPURI,"J J COLONY, BAKKARWALA"
1061,VIKASPURI,"JAI VIHAR (HARPHOOL VIHAR), BAPROLA"
1062,VIKASPURI,JAI VIHAR BAPROLA
1063,VIKASPURI,JAI VIHAR EXTN. BAPROLA
1064,VIKASPURI,"JANTA FLATS, HASTSAL"
1065,VIKASPURI,"JANTA FLATS, SITE-3, VIKAS PURI"
1066,VIKASPURI,"JHUGGI, KALI BASTI, HASTSAL"
1067,VIKASPURI,K-5 EXTN. MOHAN GARDEN
1068,VIKASPURI,"K-6 & K-5 EXTN., MOHAN GARDEN"
1069,VIKASPURI,"KALI BASTI, T-CAMP, HASTSAL"
1070,VIKASPURI,"KANGRA NIKETAN, VIKAS PURI"
1071,VIKASPURI,KG-1 VIKAS PURI
1072,VIKASPURI,"KG-1, MG-1, VIKAS PURI"
1073,VIKASPURI,"KRISHI APPTT., VIKAS PURI"
1074,VIKASPURI,"KUNWAR SINGH NAGAR, RANHOLA"
1075,VIKASPURI,"LIG FLATS, HASTSAL"
1076,VIKASPURI,"LIONS ENCLAVE, VIKAS NAGAR"
1077,VIKASPURI,"M, M EXTN. & A-BLOCK VIKAS NAGAR"
1078,VIKASPURI,"MAHARANI ENCLAVE, VIKAS NAGAR"
1079,VIKASPURI,"MAHENDRA,GULMOHAR,SHIVAM"
1080,VIKASPURI,"MAHESH VIHAR, OM VIHAR"
1081,VIKASPURI,"M-BLOCK, VIKAS PURI"
1082,VIKASPURI,"MEHTA ENCLAVE, RAJHANS VIHAR, BHIM ENCLAVE, VIKAS NAGAR"
1083,VIKASPURI,NANGLI VIHAR EXTN. BAPROLA
1084,VIKASPURI,NEW SAINIK VIHAR MOHAN GARDEN
1085,VIKASPURI,"NIGHTINGALE, EVERSHINE, VIASHALI"
1086,VIKASPURI,"OM VIHAR, PH-V"
1087,VIKASPURI,"PARMARTH APTT., RAKSHA VIKAS, LOKVIHAR"
1088,VIKASPURI,"POONAM VIHAR, PANCHSHEEL ENCLAVE, MOHAN GARDEN"
1089,VIKASPURI,"PRASHANT ENCLAVE, BAPROLA"
1090,VIKASPURI,"PRESS ENCLAVE, VIKAS NAGAR"
1091,VIKASPURI,"PRIYA SADAN & RAVI APTTS., VIKAS PURI"
1092,VIKASPURI,"PROMISE & PANCHWATI SOCIETY, VIKAS PURI"
1093,VIKASPURI,"PURTI, ORDINANCE & NAVYUG APTTS., VIKAS PURI"
1094,VIKASPURI,"R-4 &5 BLOCK, MOHAN GARDEN"
1095,VIKASPURI,"RAJAN VIHAR, VIKAS NAGAR"
1096,VIKASPURI,"RAKSHA ENCLAVE, MOHAN GARDEN"
1097,VIKASPURI,RANHOLA VILLAGE
1098,VIKASPURI,"R-BLOCK, VIKAS NAGAR"
1099,VIKASPURI,"RISHAL GARDEN, RANHOLA"
1100,VIKASPURI,"SAI ENCLAVE, MOHAN GARDEN"
1101,VIKASPURI,SAINIK ENCLAVE MOHAN GARDEN
1102,VIKASPURI,"SAINIK ENCLAVE, MOHAN GARDEN"
1103,VIKASPURI,"SAINIK ENCLAVE, VIKAS NAGAR"
1104,VIKASPURI,"SAINIK ENCLAVE,KUMHAAR COLONY"
1105,VIKASPURI,"SAINIK VIHAR, MOHAN GARDEN"
1106,VIKASPURI,"SAMAJ KALYAN, MAYA APTTS., VIKAS PURI"
1107,VIKASPURI,"S-BLOCK, VIKAS NAGAR"
1108,VIKASPURI,"SETHI ENCLAVE, MOHAN GARDEN"
1109,VIKASPURI,SHIV RAM PARK EXTN. RANHOLA
1110,VIKASPURI,"SHIV VIHAR, RANHOLA"
1111,VIKASPURI,"SITE-II & C-BLOCK, VIKAS PURI"
1112,VIKASPURI,"SITE-IV, GANGOTRI APTTS, VIKAS PURI"
1113,VIKASPURI,"SUNRISE, JUPITAR & NALNANDA"
1114,VIKASPURI,"SURAKSHA VIHAR, VIKAS NAGAR"
1115,VIKASPURI,"SURAKSHA,ENCLAVE"
1116,VIKASPURI,"SURYA KIRAN, ARJUN GEVA & PANCHDEEP APTTS., VIKAS PURI"
1117,VIKASPURI,"TILAK ENCLAVE, GANGA VIHAR, MOHAN GARDEN"
1118,VIKASPURI,"TILANG PUR KOTLA, VIHAR"
1119,VIKASPURI,TILANGPUR KOTLA VILLAGE
1120,VIKASPURI,"TYAGI ENCLAVE, MOHAN GARDEN"
1121,VIKASPURI,"VIDYA VIHAR, HASTSAL"
1122,VIKASPURI,"VIKAS ENCLAVE, VIKAS NAGAR"
1123,VIKASPURI,"VIKAS KUNJ, VIKAS NAGAR"
1124,VIKASPURI,"VIKAS VIHAR, VIKAS NAGAR"
1125,VIKASPURI,VILLAGE BUDHELA
1126,VIKASPURI,"YADAV ENCLAVE, VIKAS NAGAR"
1127,UTTAM NAGAR,VIPIN GARDEN
1128,UTTAM NAGAR,ANAND VIHAR
1129,UTTAM NAGAR,ANOOP NAGAR
1130,UTTAM NAGAR,BHAGWATI GARDEN
1131,UTTAM NAGAR,BHAGWATI VIHAR
1132,UTTAM NAGAR,BINDA PUR
1133,UTTAM NAGAR,BINDAPUR
1134,UTTAM NAGAR,GEETA ENCLAVE
1135,UTTAM NAGAR,GULAB BAGH
1136,UTTAM NAGAR,INDRA PARK
1137,UTTAM NAGAR,JANAKI PURI
1138,UTTAM NAGAR,KESHO RAM PARK
1139,UTTAM NAGAR,KIRAN GARDEN
1140,UTTAM NAGAR,MOHAN GARDEN
1141,UTTAM NAGAR,NAND RAM PARK
1142,UTTAM NAGAR,NAWADA
1143,UTTAM NAGAR,NEW JANAKI PURI
1144,UTTAM NAGAR,OM VIHAR
1145,UTTAM NAGAR,PRATAP GARDEN
1146,UTTAM NAGAR,RAMA PARK
1147,UTTAM NAGAR,ROHTASH NAGAR
1148,UTTAM NAGAR,SANJAY ENCLAVE
1149,UTTAM NAGAR,SANTOSH PARK
1150,UTTAM NAGAR,SEWAK PARK
1151,UTTAM NAGAR,SUBHASH PARK
1152,UTTAM NAGAR,UTTAM NAGAR
1153,UTTAM NAGAR,UTTAM VIHAR
1154,UTTAM NAGAR,VANI VIHAR
1155,UTTAM NAGAR,VIJAY VIHAR
1156,UTTAM NAGAR,VIKAS VIHAR
1157,UTTAM NAGAR,VIPIN GARDEN
1158,UTTAM NAGAR,VISHU VIHAR
1159,DWARKA,"BRAHMPURI ,PANKHA ROAD"
1160,DWARKA,DABRI EXT.
1161,DWARKA,DABRI VAISHALI
1162,DWARKA,DABRI VILLAGE
1163,DWARKA,DABRI VILLAVE
1164,DWARKA,DASHRATH PURI
1165,DWARKA,"DDA POCKET-6, NASIR PUR"
1166,DWARKA,DURGA PARK
1167,DWARKA,EAST SAGAR PUR
1168,DWARKA,EAST SAGAR PUR BASTI
1169,DWARKA,EAST SAGAR PUR HARIJAN BASTI
1170,DWARKA,"G BLOCK,SAGARPUR WEST"
1171,DWARKA,"GANDHI MARKET,WEST SAGARPUR"
1172,DWARKA,"GEETANJALI PARK,WEST SAGARPUR"
1173,DWARKA,"H BLOCK,WEST SAGARPUR"
1174,DWARKA,"HARIJAN BASTI,WEST SAGARPUR"
1175,DWARKA,"I BLOCK,WEST SAGARPUR"
1176,DWARKA,"INDRAPARK, PALAM COLONY"
1177,DWARKA,"J BLOCK,SAGARPUR WEST"
1178,DWARKA,"JAGDAMBA VIHAR ,WEST SAGARPUR"
1179,DWARKA,KAILASH PURI EXTENSION
1180,DWARKA,"KAMAL PARK,PALAM"
1181,DWARKA,"M BLOCK,WEST SAGARPUR"
1182,DWARKA,"MADAN PURI,WEST SAGARPUR"
1183,DWARKA,MAHAVIR ENCLAVE
1184,DWARKA,MAHAVIR ENCLAVE-I
1185,DWARKA,MAIN SAGAR PUR
1186,DWARKA,"MAIN SAGAR PUR, GALI NO. 7"
1187,DWARKA,MANGALA PURI
1188,DWARKA,"MOHAN BLOCK,WEST SAGARPUR"
1189,DWARKA,NASIR PUR VILLAGE
1190,DWARKA,"NASIR PUR VILLAGE, HARIZAN BASTI"
1191,DWARKA,PANKHA ROAD MOHAN NAGAR
1192,DWARKA,PANKHA ROAD VASIST PARK
1193,DWARKA,"PANKHA ROAD, VASIST PARK"
1194,DWARKA,RAGHU NAGAR
1195,DWARKA,"SAGARPUR WEST, DAYAL PARK"
1196,DWARKA,"SAGARPUR WEST, HANSA PARK"
1197,DWARKA,"SAGARPUR, SHIV PURI"
1198,DWARKA,"SANKAR PARK,WEST SAGARPUR"
1199,DWARKA,SYNDICATE ENCLAVE
1200,DWARKA,"VEER NAGAR,SHANKER PARK"
1201,DWARKA,"VEER NAGAR,WEST SAGARPUR"
1202,DWARKA,"WEST SAGARPUR, ASHOK PARK"
1203,MATIALA,A BLOCK BHARAT VIHAR KAKRAULA
1204,MATIALA,"A BLOCK TARA NAGAR, KAKRAULA VILLAGE"
1205,MATIALA,AMBER HAI VILLAGE
1206,MATIALA,ARJUN PARK A BLOCK
1207,MATIALA,ARJUN PARK B BLOCK
1208,MATIALA,ARJUN PARK C BLOCK
1209,MATIALA,ARJUN PARK D BLOCK
1210,MATIALA,BADU SARAI
1211,MATIALA,BAJAJ ENCLAVE EXTN.
1212,MATIALA,BHARAT VIHAR KAKRAULA
1213,MATIALA,CHHAWLA
1214,MATIALA,D BLOCK BHARAT VIHAR KAKRAULA
1215,MATIALA,DARIYA PUR KHURD
1216,MATIALA,DAULATPUR VILLAGE
1217,MATIALA,DEENDARPUR SHYAM VIHAR
1218,MATIALA,DINDARPUR
1219,MATIALA,DINDARPUR VILLAGE SHYAM VIHAR
1220,MATIALA,DWARKA SECTOR 12
1221,MATIALA,DWARKA SECTOR 14
1222,MATIALA,DWARKA SECTOR 11 & 12
1223,MATIALA,DWARKA SECTOR 13
1224,MATIALA,DWARKA SECTOR 13 & 14
1225,MATIALA,DWARKA SECTOR 13 & SFS FLATS
1226,MATIALA,DWARKA SECTOR 13 &14
1227,MATIALA,DWARKA SECTOR 13& 14
1228,MATIALA,DWARKA SECTOR 16A J J COLONY
1229,MATIALA,DWARKA SECTOR- 18A & 17
1230,MATIALA,DWARKA SECTOR 22 & 23
1231,MATIALA,DWARKA SECTOR 3 J J COLONY
1232,MATIALA,DWARKA SECTOR-10
1233,MATIALA,DWARKA SECTOR-11
1234,MATIALA,DWARKA SECTOR-11&12
1235,MATIALA,DWARKA SECTOR-16A J J COLONY
1236,MATIALA,"DWARKA SECTOR-17, 18A & 19"
1237,MATIALA,"DWARKA SECTOR-17,18A & 19"
1238,MATIALA,DWARKA SECTOR-19
1239,MATIALA,DWARKA SECTOR-22 & 23
1240,MATIALA,DWARKA SECTOR-3
1241,MATIALA,DWARKA SECTOR-3 DDA PKT
1242,MATIALA,DWARKA SECTOR-4
1243,MATIALA,DWARKA SECTOR-5
1244,MATIALA,DWARKA SECTOR-6
1245,MATIALA,DWRKA SECTOR-10
1246,MATIALA,GALIBPUR VILLAGE
1247,MATIALA,GHASIPURA
1248,MATIALA,GHASIPURA ISHWAR COLONY
1249,MATIALA,GHASIPURA NANGLI DAIRY
1250,MATIALA,GHASIPURA NANGLI VIHAR
1251,MATIALA,GHUMAN HERA VILLAGE
1252,MATIALA,GOYLA DAIRY JHUGGI BASTI
1253,MATIALA,GOYLA KHURD VILLAGE
1254,MATIALA,HARI VIHAR KAKRAULA
1255,MATIALA,HASANPUR VILLAGE
1256,MATIALA,JAIN COLONY PART-I
1257,MATIALA,JAIN COLONY PART-II&III
1258,MATIALA,JAIN PARK A BLOCK
1259,MATIALA,"JAIN PARK B,C&D BLOCK"
1260,MATIALA,JHATIKRA VILLAGE
1261,MATIALA,JHULJHULI VILLAGE
1262,MATIALA,KAKRAULA VILLAGE
1263,MATIALA,KANGANHERI
1264,MATIALA,KHARKHARI (NAHAR)
1265,MATIALA,KHARKHARI JATMAL
1266,MATIALA,KHARKHARI RAUNDH VILLAGE
1267,MATIALA,KHERA DABUR
1268,MATIALA,MANSA RAM PARK
1269,MATIALA,MANSA RAM PARK B BLOCK
1270,MATIALA,MANSA RAM PARK B&C BLOCK
1271,MATIALA,MANSA RAM PARK E BLOCK
1272,MATIALA,MATIALA VILLAGE
1273,MATIALA,MATIALA VILLAGE NANHE PARK
1274,MATIALA,NANAKHERI
1275,MATIALA,NAND VIHAR KAKRAULA DAIRY
1276,MATIALA,NANGLI SAKRAWATI
1277,MATIALA,NANGLI SAKRAWATI ANAND VIHAR
1278,MATIALA,NANHE PARK NEW T BLOCK
1279,MATIALA,OM VIHAR EXTENSION
1280,MATIALA,OM VIHAR EXTENSION KHUSHI RAM PARK
1281,MATIALA,PANDWALA KALAN VILLAGE
1282,MATIALA,PANDWALA KHURD VILLAGE
1283,MATIALA,PAPRAWAT VILLAGE
1284,MATIALA,PATEL GARDEN
1285,MATIALA,POCHAN PUR VILLAGE
1286,MATIALA,POCHAN PUR VILLAGE EXTN.
1287,MATIALA,"QUTUB VIHAR C,D &H BLOCK"
1288,MATIALA,QUTUB VIHAR PH-1 A&B BLOCK
1289,MATIALA,QUTUB VIHAR PHASE-2 A&B BLOCK
1290,MATIALA,QUTUB VIHAR PHASE-2 C&D BLOCK
1291,MATIALA,QUTUB VIHAR PHASE-2 E BLOCK
1292,MATIALA,QUTUB VIHAR PHASE-2 F BLOCK
1293,MATIALA,RANAJI ENCLAVE PART-1
1294,MATIALA,RANAJI ENCLAVE PART-2
1295,MATIALA,RANAJI ENCLAVE PART-3
1296,MATIALA,RAWTA VILLAGE
1297,MATIALA,RAWTA VILLAGE/DAURALA VILLAGE
1298,MATIALA,REWLA KHANPUR VILLAGE
1299,MATIALA,SAHYOG VIHAR (MATIALA)
1300,MATIALA,SAINIK NAGAR
1301,MATIALA,SARANGPUR
1302,MATIALA,SECTOR -15 POCKET A BHARAT VIHAR
1303,MATIALA,SECTOR 15 POCKET A J J COLONY BHARAT VIHAR
1304,MATIALA,SECTOR 15 POCKET B J J COLONY BHARAT VIHAR
1305,MATIALA,SHIKARPUR VILLAGE
1306,MATIALA,SRI CHAND PARK MATIALA VILLAGE
1307,MATIALA,"SUKHI RAM PARK, GURU HAR KISHAN NAGAR"
1308,MATIALA,TAJPUR KHURD VILLAGE
1309,MATIALA,VIKAS VIHAR KAKRAULA
1310,MATIALA,VISHWAS PARK SOLANKI ROAD & SHIKSHA DEEP PUBLIC SCHOOL
1311,NAJAFGARH,BABA HARIDASS ENCLAVE
1312,NAJAFGARH,BAKARGARH
1313,NAJAFGARH,BOSCO COLONY GOPAL NAGAR
1314,NAJAFGARH,"CHANDAN PLACE, SARSWATI KUNJ"
1315,NAJAFGARH,DHANSA
1316,NAJAFGARH,DHARAMPURA
1317,NAJAFGARH,DHARAMPURA EXTN.
1318,NAJAFGARH,DHARAMSHALA AREA GOPAL NAGAR
1319,NAJAFGARH,DICHAON KALAN
1320,NAJAFGARH,GOPAL NAGAR
1321,NAJAFGARH,GOPAL NAGAR EXTN.
1322,NAJAFGARH,"GULIA ENCLAVE, RAJEEV VIHAR"
1323,NAJAFGARH,HAIBATPURA
1324,NAJAFGARH,HANUMAN MANDIR GOPAL NAGAR
1325,NAJAFGARH,HEERA PARK
1326,NAJAFGARH,INDRA PARK
1327,NAJAFGARH,ISSAPUR
1328,NAJAFGARH,JAFFARPUR KALAN
1329,NAJAFGARH,JAI VIHAR
1330,NAJAFGARH,JHARODA KALAN
1331,NAJAFGARH,KAIR
1332,NAJAFGARH,KAZI PUR
1333,NAJAFGARH,KHAIRA
1334,NAJAFGARH,LAXMI GARDENROSHAN MANDI
1335,NAJAFGARH,LOKESH PARK
1336,NAJAFGARH,MAIN NAJAFGARH
1337,NAJAFGARH,MAKSOODABAD COLONY
1338,NAJAFGARH,MALIK PUR
1339,NAJAFGARH,MD ROAD GOPAL NAGAR
1340,NAJAFGARH,MITRAON
1341,NAJAFGARH,MUNDELA KALAN
1342,NAJAFGARH,MUNDELA KHURD
1343,NAJAFGARH,NANAK PIYAOO GOPAL NAGAR
1344,NAJAFGARH,NANDA ENCLAVE
1345,NAJAFGARH,"NAVEEN PLACE, SURYA KUNJ"
1346,NAJAFGARH,NAWADA BAZAR
1347,NAJAFGARH,NAYA BAZAR
1348,NAJAFGARH,"NEW HEERA PARK, NAJAFGARH PARK COLONY"
1349,NAJAFGARH,NEW ROSHANPURA
1350,NAJAFGARH,NEW ROSHANPURA EXTN.
1351,NAJAFGARH,NEW ROSHANPURA VILLAGE
1352,NAJAFGARH,OLD ROSHANPURA
1353,NAJAFGARH,POLICE STATION TRANSFORMER
1354,NAJAFGARH,PREM NAGAR
1355,NAJAFGARH,RAIL FACTORY ROAD GOPAL NAGAR
1356,NAJAFGARH,"RGHUBIR ENCLAVE, BLOCK - B C-HEERA PARK"
1357,NAJAFGARH,ROSHAN GARDEN
1358,NAJAFGARH,ROSHAN VIHAR
1359,NAJAFGARH,SAINIK ENCLAVE
1360,NAJAFGARH,SAINIK ENCLAVE NEAR INDRA PARK
1361,NAJAFGARH,SAMASPUR KHALSA
1362,NAJAFGARH,SARASWATI ENCLAVE
1363,NAJAFGARH,SHIV ENCLAVE
1364,NAJAFGARH,SURAKHPUR
1365,NAJAFGARH,SUREHRA
1366,NAJAFGARH,THANA ROAD
1367,NAJAFGARH,TODARMAL COLONY
1368,NAJAFGARH,UGAR SEN PARK
1369,NAJAFGARH,UJWA VILLAGE
1370,NAJAFGARH,VINOBA ENCLAVE
1371,BIJWASAN,Bagdola
1372,BIJWASAN,Bamnoli
1373,BIJWASAN,Bharthal
1374,BIJWASAN,Bijwasan
1375,BIJWASAN,Dhool Siras
1376,BIJWASAN,DWARKA
1377,BIJWASAN,Kapashera
1378,BIJWASAN,Mahipal Pur
1379,BIJWASAN,RAJ NAGAR-II
1380,BIJWASAN,Rangpuri
1381,BIJWASAN,RANGPURI PAHARI
1382,BIJWASAN,Samalka
1383,BIJWASAN,Shahbad Mohammad Pur
1384,BIJWASAN,Vasant Kunj
1385,PALAM,"BHARAT VIHAR/ RAJA PURI C, BLOCK"
1386,PALAM,"BHARAT VIHAR/ RAJA PURI ,B BLOCK"
1387,PALAM,"BHARAT VIHAR/ RAJA PURI A, BLOCK"
1388,PALAM,DWARKA J J COLONY SECTOR -7
1389,PALAM,DWARKA PURI
1390,PALAM,DWARKA PURI/VIJAY ENCLAVE
1391,PALAM,DWARKA SECTOR-1 JJ COLONY A&B BLOCK
1392,PALAM,DWARKA SECTOR-1 JJ COLONY C BLOCK
1393,PALAM,DWARKA SECTOR-2
1394,PALAM,DWRKA SECTOR-7
1395,PALAM,EAST RAJAPURI B2 & T BLOCK
1396,PALAM,HARIJAN BASTI/ PALAM EXTN.
1397,PALAM,INDRA PARK
1398,PALAM,"INDRAPARK, PALAM COLONY"
1399,PALAM,KAILAS PURI
1400,PALAM,KAILASH PURI
1401,PALAM,MADHU VIHAR
1402,PALAM,MADHU VIHAR (A-BLOCK)
1403,PALAM,MADHU VIHAR(A1-BLOCK)
1404,PALAM,MAHAVIR ENCLAVE-I
1405,PALAM,MAHAVIR VIHAR A BLOCK
1406,PALAM,MAHAVIR VIHAR B & RZ BLOCK
1407,PALAM,MAHAVIR VIHAR C BLOCK
1408,PALAM,MAHAVIR VIHAR D BLOCK
1409,PALAM,OLD RAJAPURI & RAJAPURI A & A1 BLOCK
1410,PALAM,PALAM VILLAGE
1411,PALAM,PALAM VILLAGE BALMIKI VIHAR
1412,PALAM,"PALAM VILLAGE, DDA LIG FLATS"
1413,PALAM,PURAN NAGAR
1414,PALAM,PURAN NAGAR PALAM
1415,PALAM,RAJ NAGAR-I (PALAM)
1416,PALAM,RAJA PURI
1417,PALAM,"RAJA PURI K , BLOCK"
1418,PALAM,"RAJA PURI K1, BLOCK"
1419,PALAM,RAJA PURI B BLOCK
1420,PALAM,"RAJA PURI B, D, D1 BLOCK"
1421,PALAM,RAJA PURI B1 & C1 BLOCK
1422,PALAM,RAJA PURI G BLOCK
1423,PALAM,RAJA PURI H & H1 BLOCK
1424,PALAM,"RAJA PURI J,I BLOCK"
1425,PALAM,RAJAPURI E & F BLOCK
1426,PALAM,SADH NAGAR
1427,PALAM,"SADH NAGAR, PALAM COLONY"
1428,PALAM,SADH NAGAR-II
1429,PALAM,SEC-1 PAPPANKALAN DWARKA
1430,PALAM,TAMIL ENCLAVE
1431,PALAM,VIJAY ENCLAVE
1432,PALAM,VINOD PURI/VIJAY ENCLAVE
1433,PALAM,"VISHWAS PARK B, Block"
1434,PALAM,"VISHWAS PARK A , Block"
1435,PALAM,VISHWAS PARK EXTN F-BLOCK
1436,PALAM,VISHWAS PARK EXTN E -BLOCK
1437,PALAM,VISHWAS PARK EXTN G BLOCK
1438,PALAM,VISHWAS PARK RZ & T BLOCK
1439,PALAM,VISHWAS PARK T EXTN BLOCK
1440,PALAM,"VISHWAS PARK(C,D BLOCK)"
1441,DELHI CANTT,ARJUN VIHAR
1442,DELHI CANTT,BAPU DHAM
1443,DELHI CANTT,BAPU DHAM CHANAKYA PURI
1444,DELHI CANTT,BRAR SQUARE
1445,DELHI CANTT,CB NARAINA
1446,DELHI CANTT,CHANAKYA PURI
1447,DELHI CANTT,COD ME LINE KIRBY PLACE
1448,DELHI CANTT,CVD LINE SADAR BAZAR
1449,DELHI CANTT,DHAULA KUAN
1450,DELHI CANTT,DHOBI GHAT KIRBY PLACE
1451,DELHI CANTT,GOPI NATH BAZAR
1452,DELHI CANTT,GOPINATH BAZAR
1453,DELHI CANTT,JHARERA VILLAGE
1454,DELHI CANTT,KABUL LINE
1455,DELHI CANTT,KAUTILYA MARG
1456,DELHI CANTT,MANAS MARG BAPU DHAM
1457,DELHI CANTT,MEHRAM NAGAR
1458,DELHI CANTT,MORE LINE
1459,DELHI CANTT,MOTI BAGH - I
1460,DELHI CANTT,MOTI BAGH -1
1461,DELHI CANTT,NETAJI NAGAR
1462,DELHI CANTT,OLD NANGAL
1463,DELHI CANTT,PANCHVATI
1464,DELHI CANTT,PINTO PARK
1465,DELHI CANTT,RK PURAM SECTOR-13
1466,DELHI CANTT,ROCK VIEW
1467,DELHI CANTT,SADAR BAZAR
1468,DELHI CANTT,SARDAR PATEL MARG
1469,DELHI CANTT,SATYA MARG
1470,DELHI CANTT,SUBROTO PARK
1471,DELHI CANTT,URI ENCLAVE
1472,DELHI CANTT,VINAY MARG
1473,RAJENDRA NAGAR,DASGHARA/TODAPUR
1474,RAJENDRA NAGAR,INDERPURI
1475,RAJENDRA NAGAR,J J COLONY INDERPURI
1476,RAJENDRA NAGAR,KAROL BAGH
1477,RAJENDRA NAGAR,KAROL BAGH PUSA ROAD
1478,RAJENDRA NAGAR,KRISHI KUNJ
1479,RAJENDRA NAGAR,LOHA MANDI NARAINA
1480,RAJENDRA NAGAR,NARAINA
1481,RAJENDRA NAGAR,NARAINA VIHAR
1482,RAJENDRA NAGAR,PANDAV NAGAR
1483,RAJENDRA NAGAR,PUSA INSTITUTE
1484,RAJENDRA NAGAR,RAJINDER NAGAR
1485,NEW DELHI,ALI GANJ
1486,NEW DELHI,ANSARI NAGAR (EAST)
1487,NEW DELHI,ANSARI NAGAR (WEST)
1488,NEW DELHI,ARMY PUBLIC SCHOOL
1489,NEW DELHI,ASHOK ROAD
1490,NEW DELHI,ATUL GROVER ROAD
1491,NEW DELHI,AURANGZEB ROAD
1492,NEW DELHI,B. K. DUTT COLONY
1493,NEW DELHI,BABA KHADAK SINGH MARG
1494,NEW DELHI,BABA KHARAG SINGH MARG
1495,NEW DELHI,BABAR ROAD
1496,NEW DELHI,BANGALI MARKET
1497,NEW DELHI,BANGLA SAHIB ROAD
1498,NEW DELHI,BAPA NAGAR
1499,NEW DELHI,BARAKHAMBA ROAD
1500,NEW DELHI,BASANT LANE
1501,NEW DELHI,BHAGWAN DASS ROAD
1502,NEW DELHI,CHELMSFORD ROAD
1503,NEW DELHI,CONNAUGHT PLACE
1504,NEW DELHI,COPERNICUS MARG
1505,NEW DELHI,FIROZSHAH ROAD
1506,NEW DELHI,GOLF LINKS
1507,NEW DELHI,GURUDWARA RAKAB GANJ ROAD
1508,NEW DELHI,HAILEY ROAD
1509,NEW DELHI,HANUMAN ROAD
1510,NEW DELHI,JANPATH
1511,NEW DELHI,JASWANT SINGH ROAD
1512,NEW DELHI,JOR BAGH
1513,NEW DELHI,K G MARG
1514,NEW DELHI,KAKA NAGAR
1515,NEW DELHI,KALI BARI MARG
1516,NEW DELHI,KASHTURBA GANDHI MARG
1517,NEW DELHI,KHAN MARKET
1518,NEW DELHI,KIDWAI NAGAR (EAST)
1519,NEW DELHI,KIDWAI NAGAR (WEST)
1520,NEW DELHI,KIDWAI NAGAR WEST
1521,NEW DELHI,KIDWAI NAGAR(EAST)
1522,NEW DELHI,LAXMI BAI NAGAR
1523,NEW DELHI,LODHI COLONY
1524,NEW DELHI,LODHI ESTATE
1525,NEW DELHI,MAHARISHI RAMAN MARG
1526,NEW DELHI,MAN SINGH ROAD
1527,NEW DELHI,MANDIR MARG
1528,NEW DELHI,MAULANA AZAD ROAD
1529,NEW DELHI,MOTHER TERESSA CRESCENT
1530,NEW DELHI,NAUROJI NAGAR
1531,NEW DELHI,NORTH AVENUE
1532,NEW DELHI,PALIKA KUNJ
1533,NEW DELHI,PALIKA NIWAS
1534,NEW DELHI,PANCHKUIAN ROAD
1535,NEW DELHI,PANDARA PARK
1536,NEW DELHI,PANDARA ROAD
1537,NEW DELHI,PESHWA ROAD
1538,NEW DELHI,PILLANGI VILLAGE
1539,NEW DELHI,PRESIDENT ESTATE
1540,NEW DELHI,PRITHVI RAJ ROAD
1541,NEW DELHI,PURANA QUILLA ROAD
1542,NEW DELHI,RACE COURSE
1543,NEW DELHI,RACE COURSE ROAD
1544,NEW DELHI,RAJA BAZAR
1545,NEW DELHI,RAMA KRISHNA ASHRAM MARG
1546,NEW DELHI,RAVINDRA NAGAR
1547,NEW DELHI,SAFDARJUNG AIRPORT
1548,NEW DELHI,SAROJINI NAGAR
1549,NEW DELHI,SHAHEED BHAGAT SINGH MARG
1550,NEW DELHI,SIKANDRA ROAD
1551,NEW DELHI,SOUTH AVENUE
1552,NEW DELHI,SOUTH END LANE
1553,NEW DELHI,SUJAN SINGH PARK
1554,NEW DELHI,SUNEHRI BAGH
1555,NEW DELHI,TAL KATORA ROAD
1556,NEW DELHI,TEEN MURTI MARG
1557,NEW DELHI,TEES JANUARY MARG
1558,NEW DELHI,TILAK MARG
1559,JANGPURA,ASHRAM
1560,JANGPURA,BHOGAL
1561,JANGPURA,DARYA GANJ
1562,JANGPURA,DARYAGANJ
1563,JANGPURA,HARI NAGAR ASHRAM
1564,JANGPURA,HAZRAT NIZAMUDDIN WEST
1565,JANGPURA,JAL VIHAR
1566,JANGPURA,JANGPURA B
1567,JANGPURA,JANGPURA EXT.
1568,JANGPURA,JANGPURA LANE
1569,JANGPURA,JANGPURA MATHURA ROAD
1570,JANGPURA,KILOKARI
1571,JANGPURA,LAJPAT NAGAR I
1572,JANGPURA,LAJPAT NAGAR II
1573,JANGPURA,NEHRU NAGAR
1574,JANGPURA,NIZAMUDDIN WEST
1575,JANGPURA,NIZAUDDIN WEST
1576,JANGPURA,P.S.STAAF QTRS
1577,JANGPURA,PRAGATI MAIDAN
1578,JANGPURA,RAJ GHAT
1579,JANGPURA,RING ROAD IP DEPOT
1580,JANGPURA,SARAI KALE KHAN
1581,JANGPURA,SARAIKALE KHAN
1582,JANGPURA,SIDHARTH BASTI
1583,JANGPURA,SIDHARTH EXT.
1584,JANGPURA,SUNDER NAGAR
1585,JANGPURA,SUNLIGHT COLONY
1586,JANGPURA,TILAK BRIDGE
1587,JANGPURA,VIKRAM NAGAR
1588,KASTURBA NAGAR,ANDREWS GANJ
1589,KASTURBA NAGAR,AYURVIGYAN NAGAR
1590,KASTURBA NAGAR,BAPU PARK KOTLA MUBARAKPUR
1591,KASTURBA NAGAR,BLOCK-A DEFENCE COLONY
1592,KASTURBA NAGAR,BLOCK-C DEFENCE COLONY
1593,KASTURBA NAGAR,BLOCK-C LAJPAT NAGAR-I
1594,KASTURBA NAGAR,BLOCK-D DEFENCE COLONY
1595,KASTURBA NAGAR,GARHI
1596,KASTURBA NAGAR,INA COLONY
1597,KASTURBA NAGAR,JANG PURA EXTNSION
1598,KASTURBA NAGAR,KOTLA MUBARAK PUR
1599,KASTURBA NAGAR,LAJPAT NAGAR
1600,KASTURBA NAGAR,LAJPAT NAGAR PART -IV
1601,KASTURBA NAGAR,LAJPAT NAGAR PART-IV
1602,KASTURBA NAGAR,LAJPAT NAGAR-I
1603,KASTURBA NAGAR,LAJPAT NAGAR-III
1604,KASTURBA NAGAR,LODHI COLONY
1605,KASTURBA NAGAR,LODHI ROAD
1606,KASTURBA NAGAR,LODHI ROAD COMPLEX
1607,KASTURBA NAGAR,LODHI ROAD COMPLEX
1608,KASTURBA NAGAR,N D S E PART II
1609,KASTURBA NAGAR,NDSE-I
1610,KASTURBA NAGAR,PANT NAGAR
1611,KASTURBA NAGAR,SADIQ NAGAR
1612,KASTURBA NAGAR,SANWAL NAGAR
1613,KASTURBA NAGAR,SEWA NAGAR
1614,KASTURBA NAGAR,SOUTH EXTENSION PART II
1615,KASTURBA NAGAR,SOUTH EXTENSION-I
1616,KASTURBA NAGAR,SRINIWAS PURI
1617,KASTURBA NAGAR,TYAG RAJ NAGAR
1618,KASTURBA NAGAR,VILLAGE ALI GANJ
1619,KASTURBA NAGAR,VILLAGE PILLANJI
1620,KASTURBA NAGAR,VILLANGE ALI GANJ
1621,KASTURBA NAGAR,WAZIR NAGAR
1622,MALVIYA NAGAR,ADCHINI VILLAGE
1623,MALVIYA NAGAR,ADHCHINI & NCERT
1624,MALVIYA NAGAR,ARJUN NAGAR
1625,MALVIYA NAGAR,BEGUM PUR BALMILKI CAMP
1626,MALVIYA NAGAR,BEGUM PUR INDRA CAMP
1627,MALVIYA NAGAR,BEGUM PUR VILLAGE
1628,MALVIYA NAGAR,GAUTAM NAGAR
1629,MALVIYA NAGAR,GEETANJALI & MALVIYA NAGAR
1630,MALVIYA NAGAR,GEETANJALI & NAVJIVAN VIHAR
1631,MALVIYA NAGAR,GREEN PARK EXTENSION
1632,MALVIYA NAGAR,GREEN PARK MAIN
1633,MALVIYA NAGAR,GULMOHAR ENCLAVE
1634,MALVIYA NAGAR,GULMOHAR PARK
1635,MALVIYA NAGAR,HAUZ KHAS
1636,MALVIYA NAGAR,HAUZ KHAS ENCLAVE
1637,MALVIYA NAGAR,HAUZ KHAS VILLAGE
1638,MALVIYA NAGAR,HAUZ RANI
1639,MALVIYA NAGAR,HUMAYUN PUR VILLAGE
1640,MALVIYA NAGAR,IIT CAMPUS
1641,MALVIYA NAGAR,JIA SARAI
1642,MALVIYA NAGAR,KALU SARAI VILLAGE
1643,MALVIYA NAGAR,KHIRKI VILLAGE
1644,MALVIYA NAGAR,KRISHNA NAGAR
1645,MALVIYA NAGAR,MALVIYA NAGAR
1646,MALVIYA NAGAR,MASJID MOTH
1647,MALVIYA NAGAR,MAY FAIR GARDEN
1648,MALVIYA NAGAR,MMTC COLONY
1649,MALVIYA NAGAR,NAVKETAN GROUP HOUSING SOCIETY
1650,MALVIYA NAGAR,NCERT
1651,MALVIYA NAGAR,NCERT STAFF QRTS
1652,MALVIYA NAGAR,NITI BAGH
1653,MALVIYA NAGAR,PADMINI ENCLAVE
1654,MALVIYA NAGAR,POLICE TRAINING SCHOOL
1655,MALVIYA NAGAR,QUTUB INSTITUTIONAL AREA
1656,MALVIYA NAGAR,SAFDARJUNG DEVELOPMENT AREA BHIM NAGRI
1657,MALVIYA NAGAR,SAFDARJUNG ENCLAVE
1658,MALVIYA NAGAR,SARVODAYA ENCLAVE
1659,MALVIYA NAGAR,SARVPRIYA VIHAR
1660,MALVIYA NAGAR,SHIVALIK
1661,MALVIYA NAGAR,SONA APPARTMENT
1662,MALVIYA NAGAR,STC COLONY
1663,MALVIYA NAGAR,UDAY PARK
1664,MALVIYA NAGAR,YUSUF SARAI
1665,MALVIYA NAGAR,YUSUF SRAI & GREEN PARK EXTENSION
1666,R.K.PURAM,ANAND NIKETAN
1667,R.K.PURAM,Basant Nagar
1668,R.K.PURAM,MOHAMMAD PUR VILLAGE
1669,R.K.PURAM,MUNIRKA DDA FLATS
1670,R.K.PURAM,Munirka Village
1671,R.K.PURAM,NANAK PURA
1672,R.K.PURAM,R K Puram Sec-1
1673,R.K.PURAM,R K Puram Sec-10
1674,R.K.PURAM,R K Puram Sec-12
1675,R.K.PURAM,R K Puram Sec-2
1676,R.K.PURAM,R K Puram Sec-3
1677,R.K.PURAM,R K Puram Sec-4
1678,R.K.PURAM,R K Puram Sec-5
1679,R.K.PURAM,R K Puram Sec-6
1680,R.K.PURAM,R K Puram Sec-7
1681,R.K.PURAM,R K Puram Sec-8
1682,R.K.PURAM,R K Puram Sec-9
1683,R.K.PURAM,R.K.PURAM SEC-12
1684,R.K.PURAM,SATYA NIKETAN
1685,R.K.PURAM,Vasant Vihar
1686,MEHRAULI,BER SARAI
1687,MEHRAULI,JNU (JAWAHAR LAL NEHRU UNIVERSITY)
1688,MEHRAULI,KATWARIA SARAI
1689,MEHRAULI,KISHAN GARH VILLAGE
1690,MEHRAULI,KUSUMPUR PAHARI
1691,MEHRAULI,LADO SARAI
1692,MEHRAULI,MASOOD PUR
1693,MEHRAULI,MEHRAULI
1694,MEHRAULI,RAJOKARI VILLAGE
1695,MEHRAULI,SAKET
1696,MEHRAULI,VASANT KUNJ
1697,CHHATARPUR,ASOLA
1698,CHHATARPUR,AYA NAGAR
1699,CHHATARPUR,BHATTI MINES
1700,CHHATARPUR,BHATTI VILLAGE
1701,CHHATARPUR,CHANDAN HULLA
1702,CHHATARPUR,CHATTARPUR
1703,CHHATARPUR,DERA VILLAGE
1704,CHHATARPUR,FATEHPUR BERI
1705,CHHATARPUR,GADAI PUR
1706,CHHATARPUR,GHITORNI
1707,CHHATARPUR,JONAPUR
1708,CHHATARPUR,MAIDAN GARHI
1709,CHHATARPUR,MANDI VILLAGE
1710,CHHATARPUR,MANGLA PURI
1711,CHHATARPUR,NEB SARAI
1712,CHHATARPUR,RAJPUR KHURD
1713,CHHATARPUR,SAIDULAJAB
1714,CHHATARPUR,SATBARI
1715,CHHATARPUR,SHAHURPUR
1716,CHHATARPUR,SULTAN PUR
1717,DEOLI (SC),DAKSHINPURI EXTENSION
1718,DEOLI (SC),DEOLI EXTENSION
1719,DEOLI (SC),DEOLI VILLAGE
1720,DEOLI (SC),DURGA VIHAR
1721,DEOLI (SC),"J.J.CAMP,TIGRI"
1722,DEOLI (SC),"J.J.COLONY,TIGRI"
1723,DEOLI (SC),MADANGIR VILLAGE
1724,DEOLI (SC),NAI BASTI
1725,DEOLI (SC),SAINIK FARM
1726,DEOLI (SC),SANGAM VIHAR
1727,DEOLI (SC),SANJAY CAMP
1728,DEOLI (SC),SHAHEED CAMP
1729,DEOLI (SC),SOUTH ENCLAVE DDA FLATS
1730,DEOLI (SC),SUBHASH CAMP
1731,DEOLI (SC),TIGRI EXTENSION
1732,AMBEDKAR NAGAR (SC),"BIHARI PARK, KHANPUR"
1733,AMBEDKAR NAGAR (SC),DAKSHIN PURI
1734,AMBEDKAR NAGAR (SC),"DUGGAL COLONY, KHANPUR"
1735,AMBEDKAR NAGAR (SC),"J.J.COLONY,KHANPUR"
1736,AMBEDKAR NAGAR (SC),JAWAHAR PARK
1737,AMBEDKAR NAGAR (SC),KHANPUR
1738,AMBEDKAR NAGAR (SC),KHANPUR EXTN
1739,AMBEDKAR NAGAR (SC),KHANPUR VILLAGE
1740,AMBEDKAR NAGAR (SC),KRISHNA PARK
1741,AMBEDKAR NAGAR (SC),MADANGIR
1742,AMBEDKAR NAGAR (SC),MADANGIR DDA FLATS
1743,AMBEDKAR NAGAR (SC),PUSHP VIHAR
1744,AMBEDKAR NAGAR (SC),"RAJU PARK, KHANPUR"
1745,AMBEDKAR NAGAR (SC),SAINIK FARM
1746,AMBEDKAR NAGAR (SC),"SHIV PARK, KHANPUR"
1747,SANGAM VIHAR,HAMDARD NAGAR
1748,SANGAM VIHAR,LAL KUAN
1749,SANGAM VIHAR,SANGAM VIHAR
1750,SANGAM VIHAR,TUGHLAKABAD EXTENSION
1751,SANGAM VIHAR,"TUGHLAKABAD EXTENSION, TA-BLOCK"
1752,GREATER KAILASH,ASIAD VILLAGE COMPLEX
1753,GREATER KAILASH,C R PARK
1754,GREATER KAILASH,CHIRAG DELHI
1755,GREATER KAILASH,CHIRAG ENCLAVE HEMKUNT
1756,GREATER KAILASH,DDA JANTA FLATS KHIRKI VILLAGE
1757,GREATER KAILASH,DDA MASJID MOTH PHASE-I
1758,GREATER KAILASH,DDA MIG/SFS SHEIKH SARAI PH-I
1759,GREATER KAILASH,DDA SFS SHEIKH SARAI PH-I
1760,GREATER KAILASH,EAST OF KAILASH
1761,GREATER KAILASH,EAST OF KAILASH (KAILASH TOWER)
1762,GREATER KAILASH,EPR REFUGEE REH HOUSING BLDG SOCIETY
1763,GREATER KAILASH,G K II
1764,GREATER KAILASH,G.K II
1765,GREATER KAILASH,GREATER KAILASH - 1
1766,GREATER KAILASH,GREATER KAILASH 1
1767,GREATER KAILASH,GREATER KAILASH-I
1768,GREATER KAILASH,ICAR COLONY (KRISHI VIHAR)
1769,GREATER KAILASH,JAGDAMBA CAMP
1770,GREATER KAILASH,KAILASH COLONY
1771,GREATER KAILASH,KALKA JI
1772,GREATER KAILASH,KALKAJI
1773,GREATER KAILASH,KHIRKI EXTENSION
1774,GREATER KAILASH,MASJID MOTH
1775,GREATER KAILASH,PAMPOSH ENCLAVE
1776,GREATER KAILASH,PANCHSHEEL COLONY (EAST) SWAMI COLONY
1777,GREATER KAILASH,PANCHSHEEL COLONY (GOKUL WALI MASJID)
1778,GREATER KAILASH,PANCHSHEEL COLONY/SADNA
1779,GREATER KAILASH,PANCHSHEEL ENCLAVE (MASJID MOTH)
1780,GREATER KAILASH,PANCHSHEEL PARK (SOUTH)
1781,GREATER KAILASH,PANCHSHEEL PARK(EAST)
1782,GREATER KAILASH,PANCHSHEEL VIHAR
1783,GREATER KAILASH,RPS DDA FLATS SHEIKH SARAI PHASE-I
1784,GREATER KAILASH,SANT NAGAR
1785,GREATER KAILASH,SAVITRI NAGAR
1786,GREATER KAILASH,SHAHPUR JAT
1787,GREATER KAILASH,SHEIKH SARAI-PHASE-II
1788,GREATER KAILASH,ZAMRUD PUR
1789,KALKAJI,BHARAT NAGAR
1790,KALKAJI,EAST OF KAILASH
1791,KALKAJI,GARHI EAST OF KAILASH
1792,KALKAJI,GIRI NAGAR
1793,KALKAJI,GOVIND PURI
1794,KALKAJI,ISHWAR NAGAR
1795,KALKAJI,KALKAJI
1796,KALKAJI,MAHARANI BAGH
1797,KALKAJI,MASIH GARH
1798,KALKAJI,NEW FRIENDS COLONY
1799,KALKAJI,SARAI JULLENA
1800,KALKAJI,SHYAM NAGAR
1801,KALKAJI,SRINIWASPURI
1802,KALKAJI,SUKHDEV VIHAR
1803,TUGHLAKABAD,GOLA KUAN
1804,TUGHLAKABAD,HARKESH NAGAR
1805,TUGHLAKABAD,INDRA KALYAN VIHAR
1806,TUGHLAKABAD,J.J. CAMP
1807,TUGHLAKABAD,J.J.R.CAMP OKHLA INDUSTRIAL AREA PH-II
1808,TUGHLAKABAD,JANTA JEEWAN CAMP
1809,TUGHLAKABAD,KALKAJI EXTN
1810,TUGHLAKABAD,LAL KUAN
1811,TUGHLAKABAD,MAJDOOR KALYAN CAMP
1812,TUGHLAKABAD,MAJDOOR KALYAN VIHAR
1813,TUGHLAKABAD,MOHAN CO-OPERATIVE
1814,TUGHLAKABAD,NEW SANJAY CAMP
1815,TUGHLAKABAD,NEW SANJAY COLONY
1816,TUGHLAKABAD,OKHLA INDUSTRIAL AREA
1817,TUGHLAKABAD,OKHLA PH-III
1818,TUGHLAKABAD,PUL PRAHLAD PUR
1819,TUGHLAKABAD,RAILWAY COLONY TUGHLKABAD
1820,TUGHLAKABAD,SANJAY COLONY
1821,TUGHLAKABAD,SANJAY COLONY OKHLA INDUSTRIAL AREA
1822,TUGHLAKABAD,SONIYA GANDHI CAMP
1823,TUGHLAKABAD,TEHKHAND VILLAGE
1824,TUGHLAKABAD,TUGHLAKABAD
1825,TUGHLAKABAD,TUGHLAKABAD VILLAGE
1826,TUGHLAKABAD,YOGHSHALA CAMP
1827,BADARPUR,BADARPUR
1828,BADARPUR,GAUTAM PURI
1829,BADARPUR,HARI NAGAR
1830,BADARPUR,JAITPUR
1831,BADARPUR,MITHAPUR
1832,BADARPUR,MOLARBAND
1833,BADARPUR,SAURABH VIHAR
1834,BADARPUR,TAJPUR
1835,OKHLA,AALI VIHAR
1836,OKHLA,ABUL FAZAL ENCLAVE
1837,OKHLA,ALI VILLAGE
1838,OKHLA,BATLA HOUSE
1839,OKHLA,CANAL COLONY
1840,OKHLA,GAFFAR MANZIL
1841,OKHLA,GHAFOOR NAGAR
1842,OKHLA,HAZI COLONY
1843,OKHLA,JAMIA NAGAR
1844,OKHLA,JASOLA EXTENSION
1845,OKHLA,JASOLA VIHAR
1846,OKHLA,JASOLA VILLAGE
1847,OKHLA,JOGA BAI
1848,OKHLA,JOGABAI
1849,OKHLA,KALINIDI COLONY
1850,OKHLA,KHIZARBAD VILLAGE
1851,OKHLA,MADANPUR KHADAR
1852,OKHLA,MASHIGARH VILLAGE
1853,OKHLA,MUJEEB BAGH
1854,OKHLA,NAI BASTI
1855,OKHLA,NEW FRIENDS COLONY
1856,OKHLA,NOOR NAGAR
1857,OKHLA,OKHLA VIHAR
1858,OKHLA,OKHLA VILLAGE
1859,OKHLA,SARITA VIHAR
1860,OKHLA,SHAHEEN BAGH
1861,OKHLA,TAIMOOR NAGAR
1862,OKHLA,ZAKIR NAGAR
1863,TRILOKPURI (SC),KOTLA VILLAGE
1864,TRILOKPURI (SC),MAYUR VIHAR
1865,TRILOKPURI (SC),MAYUR VIHAR PHASE-I EXTN.
1866,TRILOKPURI (SC),NEW ASHOK NAGAR
1867,TRILOKPURI (SC),TRILOKPURI
1868,KONDLI,Dallupura village
1869,KONDLI,DDA Flats
1870,KONDLI,DDA Janta Flats
1871,KONDLI,Gazipur DDA Flat
1872,KONDLI,Gharoli Dairy Farms
1873,KONDLI,Gharoli Extension
1874,KONDLI,Gharoli village
1875,KONDLI,Kalyanpuri
1876,KONDLI,Khichripur
1877,KONDLI,Kondli
1878,KONDLI,Mayur Vihar-III
1879,KONDLI,New Kondli
1880,KONDLI,Vasundhara Enclave
1881,PATPARGANJ,ACHARYA NIKETAN
1882,PATPARGANJ,EAST VINOD NAGAR
1883,PATPARGANJ,I.P.EXTENSION
1884,PATPARGANJ,I.P.EXTENSTION PATPARGANJ
1885,PATPARGANJ,KALYAN VAS
1886,PATPARGANJ,KHICHRIPUR VILLAGE
1887,PATPARGANJ,MANDAWALI
1888,PATPARGANJ,MAYUR VIHAR PHASE-I
1889,PATPARGANJ,MAYUR VIHAR PHASE-II
1890,PATPARGANJ,PANDAV NAGAR
1891,PATPARGANJ,PATPARGANJ VILLAGE
1892,PATPARGANJ,SHASHI GARDEN
1893,PATPARGANJ,WEST VINOD NAGAR
1894,LAXMI NAGAR,"GARHWALI MOHALLA,LAXMI NAGAR"
1895,LAXMI NAGAR,GURU RAMDAS NAGAR
1896,LAXMI NAGAR,GURURAM DAS NAGAR
1897,LAXMI NAGAR,KRISHAN KUNJ
1898,LAXMI NAGAR,KUNDAN NAGAR
1899,LAXMI NAGAR,"LALITA PARK, LAXMI NAGAR"
1900,LAXMI NAGAR,LAXMI NAGAR
1901,LAXMI NAGAR,MANDWALI
1902,LAXMI NAGAR,PANDAV NAGAR
1903,LAXMI NAGAR,RAMESH PARK
1904,LAXMI NAGAR,SAMAS PUR
1905,LAXMI NAGAR,SHAKARPUR
1906,VISHWAS NAGAR,AGCR ENCL
1907,VISHWAS NAGAR,ANAND VIHAR
1908,VISHWAS NAGAR,ARYA NAGAR
1909,VISHWAS NAGAR,DAYANAND VIHAR
1910,VISHWAS NAGAR,DEFENCE ENCL.
1911,VISHWAS NAGAR,EAST ARJUN NAGAR
1912,VISHWAS NAGAR,EAST LAXMI MARKET NEAR RADHU PALACE
1913,VISHWAS NAGAR,GAGAN VIHAR
1914,VISHWAS NAGAR,GAZI PUR VILLAGE
1915,VISHWAS NAGAR,GROUP HOUSING SOCIETY NEAR DTC DEPOT PATPAR GANJ
1916,VISHWAS NAGAR,"GROUP HOUSING SOCIETY,NEAR DTC DEPOT,PATPARGANJ"
1917,VISHWAS NAGAR,GUJARAT VIHAR
1918,VISHWAS NAGAR,GURU ANGAD NAGAR
1919,VISHWAS NAGAR,HARGOBIND ENCL
1920,VISHWAS NAGAR,JAGRITI ENCL
1921,VISHWAS NAGAR,JOSHI COLONY NEAR DTC DEPOT PATPARGANJ
1922,VISHWAS NAGAR,karkardooma
1923,VISHWAS NAGAR,KARKARDOOMA VILLAGE
1924,VISHWAS NAGAR,LEHRI COLONY
1925,VISHWAS NAGAR,MADHU VIHAR
1926,VISHWAS NAGAR,MADHUBAN
1927,VISHWAS NAGAR,MANAK VIHAR
1928,VISHWAS NAGAR,NEW RAJDHANI ENCL.
1929,VISHWAS NAGAR,NIRMAN VIHAR
1930,VISHWAS NAGAR,NRIMAN VIHAR
1931,VISHWAS NAGAR,PREET VIHAR
1932,VISHWAS NAGAR,PRIYA ENCALAVE
1933,VISHWAS NAGAR,PUSHPANJALI
1934,VISHWAS NAGAR,RAHU PALACE PATPARGANJ ROAD
1935,VISHWAS NAGAR,RAM VIHAR
1936,VISHWAS NAGAR,SAINI ENCL
1937,VISHWAS NAGAR,SAVITA VIHAR
1938,VISHWAS NAGAR,SHARAD VIHAR
1939,VISHWAS NAGAR,SHRESTHA VIHAR
1940,VISHWAS NAGAR,SURAJMAL VIHAR
1941,VISHWAS NAGAR,SURYA NIKETAN
1942,VISHWAS NAGAR,SWASTHYA VIHAR
1943,VISHWAS NAGAR,VIGYAN VIHAR
1944,VISHWAS NAGAR,VISHWAS NAGAR
1945,VISHWAS NAGAR,VIVEK VIHAR
1946,VISHWAS NAGAR,YOJANA VIHAR
1947,KRISHNA NAGAR,ANARKALI GARDEN
1948,KRISHNA NAGAR,ARAM PARK & OLD ANARKLI EXTN.
1949,KRISHNA NAGAR,ARJUN NAGAR
1950,KRISHNA NAGAR,BALDEV PARK
1951,KRISHNA NAGAR,BALMIKI BASTI & NEW GANESH PARK
1952,KRISHNA NAGAR,BRIJ PURI & NEW GOVIND PURA
1953,KRISHNA NAGAR,CHANDER NAGAR
1954,KRISHNA NAGAR,CHANDU PARK
1955,KRISHNA NAGAR,"CHANDU PARK, NEW LAYAL PUR"
1956,KRISHNA NAGAR,EAST BALDEV PARK
1957,KRISHNA NAGAR,EAST KRISHNA NAGAR
1958,KRISHNA NAGAR,GEETA COLONY
1959,KRISHNA NAGAR,GHONDLI VILLAGE
1960,KRISHNA NAGAR,GOPAL PARK
1961,KRISHNA NAGAR,GOPAL PARK & HAZARA PARK
1962,KRISHNA NAGAR,GOVIND PARK
1963,KRISHNA NAGAR,GYAN PARK
1964,KRISHNA NAGAR,HAZARA PARK & SILVER PARK
1965,KRISHNA NAGAR,INDRA PARK
1966,KRISHNA NAGAR,JAGAT PURI
1967,KRISHNA NAGAR,JHEEL KHURANJA
1968,KRISHNA NAGAR,JITAR NAGAR
1969,KRISHNA NAGAR,JITAR NAGAR & OLD GOVIND PURA EXTN.
1970,KRISHNA NAGAR,KHUREJI KHAS
1971,KRISHNA NAGAR,KRISHNA NAGAR
1972,KRISHNA NAGAR,LAXMAN PARK
1973,KRISHNA NAGAR,LAXMAN PARK & CHANDER NAGAR
1974,KRISHNA NAGAR,MAHILA COLONY
1975,KRISHNA NAGAR,MAUSAM VIHAR
1976,KRISHNA NAGAR,NEW BRIJ PURI
1977,KRISHNA NAGAR,NEW BRIJ PURI & NEW GOVIND PURA
1978,KRISHNA NAGAR,NEW GOVIND PURA
1979,KRISHNA NAGAR,NEW GOVIND PURA EXTN. & OLD GOVIND PURA
1980,KRISHNA NAGAR,NEW KRISHNA NAGAR
1981,KRISHNA NAGAR,NEW LAHORE COLONY
1982,KRISHNA NAGAR,NEW LAYAL PUR
1983,KRISHNA NAGAR,OLD ANARKALI
1984,KRISHNA NAGAR,OLD BRIJ PURI
1985,KRISHNA NAGAR,OLD GOVIND PURA
1986,KRISHNA NAGAR,OLD GOVIND PURA & OLD ANARKALI
1987,KRISHNA NAGAR,OLD GOVIND PURA & SOUTH ANARKALI
1988,KRISHNA NAGAR,OLD GOVIND PURA EXTN.
1989,KRISHNA NAGAR,"PANDIT PARK & EXTN.SHIVAJI GALI, KRISHNA NAGAR EXTN.SHIVPURI"
1990,KRISHNA NAGAR,"POLICE COLONY, POLICE STATION PREET VIHAR"
1991,KRISHNA NAGAR,RADEHY PURI EXTENSION
1992,KRISHNA NAGAR,RADHEY PURI
1993,KRISHNA NAGAR,RADHEY SHYAM PARK
1994,KRISHNA NAGAR,RADHEY SHYAM PARK EXTN.
1995,KRISHNA NAGAR,RAM NAGAR
1996,KRISHNA NAGAR,RAM NAGAR & RAM NAGAR EXTN.
1997,KRISHNA NAGAR,RAM NAGAR EXTN.
1998,KRISHNA NAGAR,RANI GARDEN
1999,KRISHNA NAGAR,RANI GARDEN EXTN.
2000,KRISHNA NAGAR,RASHID MARKET
2001,KRISHNA NAGAR,RASHID MARKET EXTN.
2002,KRISHNA NAGAR,"SHAHI MASJID , RASHID/NEW RASHID MARKET , GANESH PARK"
2003,KRISHNA NAGAR,SHASTRI NAGAR
2004,KRISHNA NAGAR,SHASTRI PARK & SATNAM PARK
2005,KRISHNA NAGAR,SHIV PURI
2006,KRISHNA NAGAR,SHIV PURI EXTN. & SHIV PURI
2007,KRISHNA NAGAR,SHYAM NAGAR & OLD GOVIND PURA
2008,KRISHNA NAGAR,SOUTH ANARKALI
2009,KRISHNA NAGAR,SOUTH ANARKALI EXTN.
2010,KRISHNA NAGAR,SOUTH ANARKALI MAIN
2011,KRISHNA NAGAR,TAJ ENCLAVE & GEETA COLONY
2012,GANDHI NAGAR,DHARAMPURA
2013,GANDHI NAGAR,EAST AZAD NAGAR
2014,GANDHI NAGAR,GANDHI NAGAR
2015,GANDHI NAGAR,KAILASH NAGAR
2016,GANDHI NAGAR,KANTI NAGAR
2017,GANDHI NAGAR,KANTI NAGAR (EAST)
2018,GANDHI NAGAR,KANTI NAGAR EAST AND EAST AZAD NAGAR
2019,GANDHI NAGAR,KANTI NAGAR EXTENSION
2020,GANDHI NAGAR,NEW SEELAM PUR
2021,GANDHI NAGAR,OLD DHARAMPURA
2022,GANDHI NAGAR,OLD SEELAMPUR
2023,GANDHI NAGAR,OLD SEELAMPUR (EAST)
2024,GANDHI NAGAR,RAGHUBARPURA NO 1
2025,GANDHI NAGAR,RAGHUBARPURA NO 2
2026,GANDHI NAGAR,RAJGARH COLONY
2027,GANDHI NAGAR,SARTAJ MOHALLA
2028,GANDHI NAGAR,SHANKAR NAGAR
2029,GANDHI NAGAR,SHANKAR NAGAR EXTENSION
2030,GANDHI NAGAR,SHASTRI PARK
2031,GANDHI NAGAR,WEST AZAD NAGAR
2032,SHAHADARA,BEHARI COLONY
2033,SHAHADARA,BHOLA NATH NAGAR
2034,SHAHADARA,DILSHAD COLONY
2035,SHAHADARA,DILSHAD GARDEN
2036,SHAHADARA,FRIENDS COLONY JHILMIL
2037,SHAHADARA,JHILMIL
2038,SHAHADARA,JHILMIL COLONY
2039,SHAHADARA,JHILMIL INDL. AREA
2040,SHAHADARA,JWALA NAGAR
2041,SHAHADARA,SEEMA PURI
2042,SHAHADARA,SHAHDRA
2043,SHAHADARA,VIVEK VIHAR
2044,SEEMA PURI (SC),DILASHAD COLONY
2045,SEEMA PURI (SC),DILSHAD GARDEN
2046,SEEMA PURI (SC),GTB ENCLAVE
2047,SEEMA PURI (SC),GTB HOSPITAL CAMPUS
2048,SEEMA PURI (SC),JAGATPURI EXTN.
2049,SEEMA PURI (SC),JANTA FLATS GTB ENCLAVE
2050,SEEMA PURI (SC),NAND NAGARI
2051,SEEMA PURI (SC),NAND NAGRI
2052,SEEMA PURI (SC),NEW SEEMAPURI
2053,SEEMA PURI (SC),SUNDER NAGARI
2054,SEEMA PURI (SC),TAHIRPUR
2055,SEEMA PURI (SC),VILL KHERA
2056,SEEMA PURI (SC),VILL TAHIRPUR
2057,ROHTAS NAGAR,A-BLOCK ASHOK NAGAR
2058,ROHTAS NAGAR,B-BLOCK ASHOK NAGAR
2059,ROHTAS NAGAR,BHAGWAN PUR KHERA
2060,ROHTAS NAGAR,BHAGWAN PUR KHERA RAM NAGAR EXTN.
2061,ROHTAS NAGAR,C-1 BLOCK NAND NAGRI
2062,ROHTAS NAGAR,C-2 BLOCK NAND NAGRI
2063,ROHTAS NAGAR,C-3 BLOCK NAND NAGRI
2064,ROHTAS NAGAR,CHANDER LOK
2065,ROHTAS NAGAR,D-1 BLOCK ASHOK NAGAR
2066,ROHTAS NAGAR,D-BLOCK ASHOK NAGAR
2067,ROHTAS NAGAR,D-BLOCK NATTHU COLONY
2068,ROHTAS NAGAR,DURGAPURI
2069,ROHTAS NAGAR,DURGAPURI EXTN.
2070,ROHTAS NAGAR,EAST RAM NAGAR
2071,ROHTAS NAGAR,EAST ROHTASH NAGAR
2072,ROHTAS NAGAR,EAST ROHTASH NAGAR SHIVAJI PARK
2073,ROHTAS NAGAR,E-BLOCK ASHOK NAGAR
2074,ROHTAS NAGAR,HARDEV PURI
2075,ROHTAS NAGAR,JAGAT PURI
2076,ROHTAS NAGAR,JAGJEEVAN NAGAR
2077,ROHTAS NAGAR,JHUGGI OPP. B-BLOCK
2078,ROHTAS NAGAR,KABUL NAGAR
2079,ROHTAS NAGAR,LIG FLATS EAST OF LONI ROAD
2080,ROHTAS NAGAR,MANSAROVER PARK
2081,ROHTAS NAGAR,MANSROVER PARK D.D.A. FLATS
2082,ROHTAS NAGAR,MIG FLATS EAST OF LONI ROAD
2083,ROHTAS NAGAR,NATHU COLONY
2084,ROHTAS NAGAR,NAVEEN SHAHDARA
2085,ROHTAS NAGAR,NEW MODERN SHAHDARA
2086,ROHTAS NAGAR,PANCHSHEEL GARDEN
2087,ROHTAS NAGAR,PANCHSHEEL GARDEN SUBHASH PARK
2088,ROHTAS NAGAR,RAM NAGAR
2089,ROHTAS NAGAR,RAM NAGAR EXT.
2090,ROHTAS NAGAR,SHIVAJI PARK
2091,ROHTAS NAGAR,SHRIRAM NAGAR
2092,ROHTAS NAGAR,SUBHASH PARK
2093,ROHTAS NAGAR,ULDHAN PUR PANCHSHEEL GARDEN
2094,ROHTAS NAGAR,WELCOME SEELAMPUR PH-III
2095,ROHTAS NAGAR,WEST ROHTAS NAGAR
2096,ROHTAS NAGAR,WEST ROHTAS NAGAR MOHAN PARK
2097,SEELAMPUR,SEELAMPUR
2098,SEELAMPUR,BRAHAMPURI
2099,SEELAMPUR,BRAHMPURI
2100,SEELAMPUR,CHAUHAN BANGAR
2101,SEELAMPUR,GAUTAM PURI
2102,SEELAMPUR,JAFFRABAD
2103,SEELAMPUR,KAITHWARA
2104,SEELAMPUR,MAUJPUR
2105,SEELAMPUR,NEW SEELAMPUR
2106,SEELAMPUR,NEW USMANPUR
2107,SEELAMPUR,SEELAMPUR
2108,SEELAMPUR,SHASTRI PARK
2109,SEELAMPUR,WELCOME
2110,GHONDA,4TH PUSTA KARTAR NAGAR J-BLOCK
2111,GHONDA,A-BLOCK BHAJAN PURA
2112,GHONDA,AMBEDKAR BASTI
2113,GHONDA,AMBEDKAR BASTI GHONDA VILL
2114,GHONDA,AMBEDKAR MURTI GHONDA VILL
2115,GHONDA,ARVIND NAGAR
2116,GHONDA,"B-1,BLOCK YAMUNA VIHAR"
2117,GHONDA,"B-2,BLOCK YAMUNA VIHAR"
2118,GHONDA,"B-3,BLOCK YAMUNA VIHAR"
2119,GHONDA,"B-4,BLOCK YAMUNA VIHAR"
2120,GHONDA,"B-5,BLOCK YAMUNA VIHAR"
2121,GHONDA,B-BLOCK BHAJAN PURA
2122,GHONDA,BHAJAN PURA
2123,GHONDA,BRAHAMPURI X-BLOCK
2124,GHONDA,"C-1, BLOCK YAMUNA VIHAR"
2125,GHONDA,"C-10, BLOCK YAMUNA VIHAR"
2126,GHONDA,"C-12, BLOCK YAMUNA VIHAR"
2127,GHONDA,"C-2, BLOCK YAMUNA VIHAR"
2128,GHONDA,"C-3, BLOCK YAMUNA VIHAR"
2129,GHONDA,"C-4, BLOCK YAMUNA VIHAR"
2130,GHONDA,"C-5, BLOCK YAMUNA VIHAR"
2131,GHONDA,"C-6, BLOCK YAMUNA VIHAR"
2132,GHONDA,"C-7, BLOCK YAMUNA VIHAR"
2133,GHONDA,"C-8, BLOCK YAMUNA VIHAR"
2134,GHONDA,"C-9, BLOCK YAMUNA VIHAR"
2135,GHONDA,C-BLOCK BHAJAN PURA
2136,GHONDA,D-BLOCK BHAJAN PURA
2137,GHONDA,D-BLOCK SANJAY MOHALLA
2138,GHONDA,GAMRI EXTN. A-BLOCK
2139,GHONDA,GAMRI EXTN. C-BLOCK
2140,GHONDA,GAMRI EXTN. D-BLOCK
2141,GHONDA,GAMRI VILL.
2142,GHONDA,GARHI MENDU
2143,GHONDA,GAUTAM VIHAR
2144,GHONDA,GHONDA VILLAGE
2145,GHONDA,JAGJIT NAGAR D-BLOCK
2146,GHONDA,JAGJIT NAGAR E-BLOCK
2147,GHONDA,JAGJIT NAGAR G-BLOCK
2148,GHONDA,JAI PARKASH NAGAR
2149,GHONDA,KARTAR NAGAR
2150,GHONDA,KARTAR NAGAR J-BLOCK
2151,GHONDA,KARTAR NAGAR L K C J-BLOCK
2152,GHONDA,KHUMARA MOHLLA GHONDA VILL
2153,GHONDA,SOUTH GAMRIEXTN.
2154,GHONDA,SOUTH GAMRIEXTN. A-BLOCK
2155,GHONDA,SOUTH GAMRIEXTN. B-BLOCK
2156,GHONDA,SUBHASH VIHAR E-BLOCK
2157,GHONDA,SUBHASH VIHAR F-BLOCK
2158,GHONDA,SUBHASH VIHAR NORTH GHONDA
2159,GHONDA,USMAN PUR C-BLOCK
2160,GHONDA,USMANPUR
2161,GHONDA,VIJAY COLONY
2162,GHONDA,VILL GHONDA
2163,GHONDA,VILLAGE USMANPUR
2164,GHONDA,WEST GHONDA K BLOCK
2165,BABARPUR,BABAR PUR VILLAGE (EAST BABAR PUR)
2166,BABARPUR,BALBIR NAGAR & BALBIR NAGAR EXTN.
2167,BABARPUR,BALBIR NAGAR & BALBIR NAGAR EXTN. NALA PAR
2168,BABARPUR,BALBIR NAGAR EXTN.
2169,BABARPUR,BALBIR NAGAR EXTN. NALA PAR
2170,BABARPUR,CHHAJJUPUR (EAST BABAR PUR)
2171,BABARPUR,D.D.A FLATS WEST GORAKH PARK
2172,BABARPUR,EAST BABARPUR
2173,BABARPUR,EAST GORAKH PARK
2174,BABARPUR,GHONDA EXTN.
2175,BABARPUR,GHONDA EXTN. NOOR-E-ILAHI
2176,BABARPUR,HARIJAN BASTI WEST JYOTI NAGAR.
2177,BABARPUR,INDIRA NIKETAN
2178,BABARPUR,JANTA MAZDOOR COLONY.
2179,BABARPUR,JYOTI COLONY
2180,BABARPUR,JYOTI NAGAR RISHI KARDAM PURI
2181,BABARPUR,KABIR NAGAR
2182,BABARPUR,KARDAM PURI
2183,BABARPUR,KARDAM PURI EXTN.
2184,BABARPUR,KARDAM PURI JYOTI NAGAR
2185,BABARPUR,MAUJPUR
2186,BABARPUR,NEW JAFARABAD WEST GORAKH PARK
2187,BABARPUR,NORTH GHONDA
2188,BABARPUR,OLD KARDAM PURI
2189,BABARPUR,SHANTI BAZAR WALA ROAD KABIR NAGAR.
2190,BABARPUR,SUBHASH MOHALLA NORTH GHONDA
2191,BABARPUR,VIJAY PARK
2192,BABARPUR,WEST BABARPUR
2193,BABARPUR,WEST GORAKHPARK
2194,BABARPUR,WEST JYOTI NAGAR
2195,BABARPUR,YAMUNA VIHAR
2196,GOKALPUR,BHAGIRATHI VIHAR
2197,GOKALPUR,EAST GOKALPUR
2198,GOKALPUR,GANGA VIHAR
2199,GOKALPUR,GOKALPURI
2200,GOKALPUR,HARSH VIHAR
2201,GOKALPUR,JOHRIPUR
2202,GOKALPUR,MANDOLI EXTN.
2203,GOKALPUR,MANDOLI EXTN
2204,GOKALPUR,MANDOLI EXTN.
2205,GOKALPUR,MANDOLI VILL.
2206,GOKALPUR,MEET NAGAR
2207,GOKALPUR,MEETNAGAR
2208,GOKALPUR,PRATAP NAGAR
2209,GOKALPUR,SABOLI VILL.
2210,GOKALPUR,SHAKTI GARDEN
2211,GOKALPUR,VILL. GOKALPUR
2212,GOKALPUR,VILLAGE GOKALPUR
2213,MUSTAFABAD,AMAR VIHAR
2214,MUSTAFABAD,AMBIKA VIHAR
2215,MUSTAFABAD,BABU NAGAR
2216,MUSTAFABAD,BHAGAT VIHAR
2217,MUSTAFABAD,BHGIRATH VIHAR
2218,MUSTAFABAD,BRIJPURI
2219,MUSTAFABAD,CHANDU NAGAR
2220,MUSTAFABAD,CHOUHAN PUR
2221,MUSTAFABAD,DAYAL PUR
2222,MUSTAFABAD,"DEVI NAGAR, SHIV VIHAR"
2223,MUSTAFABAD,E-BLOCK DAYAL PUR EXTN. NEHRU VIHAR
2224,MUSTAFABAD,GOVIND VIHAR
2225,MUSTAFABAD,GURU NANAK NAGAR
2226,MUSTAFABAD,HARIJAN BASTI KARAWAL NAGAR
2227,MUSTAFABAD,HARIJAN BASTI SADATPUR VILL
2228,MUSTAFABAD,"HARIJAN BASTI, KARAWAL NAGAR"
2229,MUSTAFABAD,KAMAL VIHAR
2230,MUSTAFABAD,KARAWAL NAGAR EXT
2231,MUSTAFABAD,MAAN SINGH NAGAR
2232,MUSTAFABAD,MAHA LAXMI ENCLAVE
2233,MUSTAFABAD,MAHA LAXMI VIHAR
2234,MUSTAFABAD,MOONGA NAGAR
2235,MUSTAFABAD,MUSTAFABAD
2236,MUSTAFABAD,"MUSTAFABAD,DILSHAD MASJID"
2237,MUSTAFABAD,MUSTFABAD
2238,MUSTAFABAD,MUSTFABAD EXTN
2239,MUSTAFABAD,NEHRU VIHAR
2240,MUSTAFABAD,OLD MUSTAFABAD
2241,MUSTAFABAD,PANCHAL VIHAR
2242,MUSTAFABAD,"PREM NAGAR, KARAWAL NAGAR"
2243,MUSTAFABAD,PREM VIHAR
2244,MUSTAFABAD,"RAJIV GANDI NAGAR, NEW MUSTAFABAD"
2245,MUSTAFABAD,"RAJIV GANDI NAGAR,NEW MUSTAFABAD"
2246,MUSTAFABAD,RAMA GARDEN
2247,MUSTAFABAD,ROSHAN VIHAR
2248,MUSTAFABAD,SADATPUR EXTN.
2249,MUSTAFABAD,SHAKTI VIHAR
2250,MUSTAFABAD,SHIV VIHAR
2251,MUSTAFABAD,"SHIV VIHAR,PUSHKAR VIHAR"
2252,MUSTAFABAD,SURIYA VIHAR
2253,MUSTAFABAD,ZIAUDDIN PUR
2254,KARAWAL NAGAR,"A - BLOCK, PART - II, SONIA VIHAR"
2255,KARAWAL NAGAR,"A - BLOCK, PART - III & IV, SONIA VIHAR"
2256,KARAWAL NAGAR,"A - BLOCK, SONIA VIHAR"
2257,KARAWAL NAGAR,"A & B - BLOCK, SONIA VIHAR"
2258,KARAWAL NAGAR,"A & B BLOCK, SONIA VIHAR"
2259,KARAWAL NAGAR,"A BLOCK, PART - II, SONIA VIHAR"
2260,KARAWAL NAGAR,"A BLOCK, SONIA VIHAR"
2261,KARAWAL NAGAR,ANKUR ENCLAVE
2262,KARAWAL NAGAR,"ANKUR ENCLAVE, PRAKASH VIHAR"
2263,KARAWAL NAGAR,"B - BLOCK, SONIA VIHAR"
2264,KARAWAL NAGAR,"BADARPUR KHADAR, PUR, DELHI, SHAHDRA"
2265,KARAWAL NAGAR,BIHARIPUR EXTN
2266,KARAWAL NAGAR,BIHARIPUR VILL
2267,KARAWAL NAGAR,"C - BLOCK, SONIA VIHAR"
2268,KARAWAL NAGAR,CHANDBAGH
2269,KARAWAL NAGAR,CHAUHAN PATTI SABHAPUR SHAHDARA VILL
2270,KARAWAL NAGAR,"D - BLOCK, SONIA VIHAR"
2271,KARAWAL NAGAR,DAYAL PUR
2272,KARAWAL NAGAR,"E - BLOCK, SONIA VIHAR"
2273,KARAWAL NAGAR,"G - BLOCK, SONIA VIHAR"
2274,KARAWAL NAGAR,KARAWAL NAGAR VILLAGE
2275,KARAWAL NAGAR,KHAJOORI KHAS
2276,KARAWAL NAGAR,MUKUND VIHAR
2277,KARAWAL NAGAR,NEW SABHAPUR
2278,KARAWAL NAGAR,SABHAPUR SHAHDARA VILL
2279,KARAWAL NAGAR,SABHAPUR VILL & CHAUHAN PATTI
2280,KARAWAL NAGAR,SADATPUR EXTN
2281,KARAWAL NAGAR,SHAHID BHAGAT SINGH COLONY
2282,KARAWAL NAGAR,SHERPUR VILL
2283,KARAWAL NAGAR,SHRI RAM COLONY
2284,KARAWAL NAGAR,TUKMIRPUR & VILL
2285,KARAWAL NAGAR,TUKMIRPUR EXTN
2286,KARAWAL NAGAR,VILL KHAJOORI KHAS
2287,KARAWAL NAGAR,WEST KAMAL VIHAR
2288,KARAWAL NAGAR,WEST KARAWAL NAGAR
